system;chip raw id;id;team name;course;result;brief;start st id;Start time;st1;time1;st2;time2;etc...
sfr;62 3B 56 D9 EC 59 02 E0 ;63;"Морозова Юлия";"1";OK;"164 б. за 3:46:24";241;2026-08-02 12:06:43;241;2026-08-02 12:06:43;35;2026-08-02 12:13:40;47;2026-08-02 12:19:01;36;2026-08-02 12:23:54;44;2026-08-02 12:30:34;66;2026-08-02 12:37:40;32;2026-08-02 12:46:10;88;2026-08-02 12:51:45;72;2026-08-02 12:54:36;30;2026-08-02 13:00:42;93;2026-08-02 13:05:57;45;2026-08-02 13:09:34;50;2026-08-02 13:18:26;60;2026-08-02 13:21:54;39;2026-08-02 13:28:38;33;2026-08-02 13:33:34;52;2026-08-02 13:37:31;59;2026-08-02 13:43:03;53;2026-08-02 13:47:23;49;2026-08-02 13:52:20;71;2026-08-02 13:58:29;82;2026-08-02 14:03:27;31;2026-08-02 14:14:12;64;2026-08-02 14:21:51;42;2026-08-02 14:27:11;62;2026-08-02 14:33:23;77;2026-08-02 14:46:37;92;2026-08-02 14:54:21;20;2026-08-02 15:02:23;75;2026-08-02 15:04:15;58;2026-08-02 15:17:27;55;2026-08-02 15:33:18;56;2026-08-02 15:49:06;240;2026-08-02 15:53:07
sfr;DD B0 58 17 03 24 02 E0 ;62;"Васильева Мария";"1";OK;"164 б. за 3:46:27";241;2026-08-02 12:06:42;241;2026-08-02 12:06:42;35;2026-08-02 12:13:38;47;2026-08-02 12:18:58;36;2026-08-02 12:23:51;44;2026-08-02 12:30:30;66;2026-08-02 12:37:37;32;2026-08-02 12:46:09;88;2026-08-02 12:51:44;72;2026-08-02 12:54:38;30;2026-08-02 13:00:44;93;2026-08-02 13:05:53;45;2026-08-02 13:09:33;50;2026-08-02 13:18:23;60;2026-08-02 13:21:56;39;2026-08-02 13:28:35;33;2026-08-02 13:33:32;52;2026-08-02 13:37:28;59;2026-08-02 13:43:01;53;2026-08-02 13:47:25;49;2026-08-02 13:52:15;71;2026-08-02 13:58:25;82;2026-08-02 14:03:16;31;2026-08-02 14:14:08;64;2026-08-02 14:21:49;42;2026-08-02 14:27:13;62;2026-08-02 14:33:22;77;2026-08-02 14:46:32;92;2026-08-02 14:54:20;20;2026-08-02 15:02:27;75;2026-08-02 15:04:24;58;2026-08-02 15:17:25;55;2026-08-02 15:33:11;56;2026-08-02 15:49:11;240;2026-08-02 15:53:09
sfr;6D 81 54 9F DD 58 02 E0 ;109;"Сафронова Елена";"1";OK;"359 б. за 3:56:35";241;2026-08-02 12:32:49;241;2026-08-02 12:32:49;56;2026-08-02 12:36:16;52;2026-08-02 12:38:38;79;2026-08-02 12:41:53;67;2026-08-02 12:44:08;46;2026-08-02 12:49:22;71;2026-08-02 12:52:29;82;2026-08-02 12:54:28;31;2026-08-02 13:00:21;64;2026-08-02 13:03:23;42;2026-08-02 13:06:30;111;2026-08-02 13:10:46;62;2026-08-02 13:16:34;77;2026-08-02 13:20:01;92;2026-08-02 13:24:08;83;2026-08-02 13:28:26;90;2026-08-02 13:33:39;95;2026-08-02 13:38:00;89;2026-08-02 13:41:07;86;2026-08-02 13:43:46;87;2026-08-02 13:48:45;69;2026-08-02 13:52:43;74;2026-08-02 13:56:58;91;2026-08-02 13:59:47;70;2026-08-02 14:04:35;61;2026-08-02 14:12:28;49;2026-08-02 14:16:19;53;2026-08-02 14:19:46;59;2026-08-02 14:22:36;54;2026-08-02 14:24:45;40;2026-08-02 14:26:59;41;2026-08-02 14:29:44;34;2026-08-02 14:32:01;48;2026-08-02 14:33:47;60;2026-08-02 14:35:46;50;2026-08-02 14:37:12;45;2026-08-02 14:39:39;93;2026-08-02 14:41:40;30;2026-08-02 14:44:03;72;2026-08-02 14:46:19;88;2026-08-02 14:48:10;32;2026-08-02 14:51:57;66;2026-08-02 14:57:01;44;2026-08-02 15:00:42;36;2026-08-02 15:02:59;101;2026-08-02 15:09:11;65;2026-08-02 15:13:10;47;2026-08-02 15:18:33;35;2026-08-02 15:22:13;38;2026-08-02 15:24:51;39;2026-08-02 15:27:21;33;2026-08-02 15:30:01;43;2026-08-02 15:39:36;57;2026-08-02 15:42:11;63;2026-08-02 15:45:42;68;2026-08-02 15:52:48;81;2026-08-02 15:59:15;58;2026-08-02 16:04:26;97;2026-08-02 16:09:19;20;2026-08-02 16:11:11;75;2026-08-02 16:12:26;51;2026-08-02 16:19:09;55;2026-08-02 16:23:25;240;2026-08-02 16:29:24
sfr;5F 29 56 D9 EC 59 02 E0 ;100;"Захаров Сергей";"1";OK;"388 б. за 3:56:54";241;2026-08-02 12:19:47;241;2026-08-02 12:19:47;56;2026-08-02 12:22:56;79;2026-08-02 12:26:25;67;2026-08-02 12:28:31;46;2026-08-02 12:30:45;71;2026-08-02 12:34:19;82;2026-08-02 12:36:58;31;2026-08-02 12:41:56;64;2026-08-02 12:44:12;42;2026-08-02 12:47:18;111;2026-08-02 12:50:53;62;2026-08-02 12:56:22;77;2026-08-02 12:59:28;92;2026-08-02 13:03:23;83;2026-08-02 13:06:26;90;2026-08-02 13:09:15;95;2026-08-02 13:13:32;89;2026-08-02 13:15:53;86;2026-08-02 13:20:19;69;2026-08-02 13:23:41;87;2026-08-02 13:27:37;91;2026-08-02 13:32:20;74;2026-08-02 13:34:39;70;2026-08-02 13:38:28;61;2026-08-02 13:45:21;49;2026-08-02 13:48:17;53;2026-08-02 13:50:48;59;2026-08-02 13:52:38;54;2026-08-02 13:54:39;40;2026-08-02 13:56:35;52;2026-08-02 13:59:07;33;2026-08-02 14:01:09;35;2026-08-02 14:03:54;39;2026-08-02 14:06:04;38;2026-08-02 14:07:36;60;2026-08-02 14:09:35;50;2026-08-02 14:11:32;45;2026-08-02 14:13:30;48;2026-08-02 14:15:51;41;2026-08-02 14:17:50;34;2026-08-02 14:18:50;93;2026-08-02 14:21:04;30;2026-08-02 14:23:05;72;2026-08-02 14:25:27;88;2026-08-02 14:27:11;32;2026-08-02 14:29:44;66;2026-08-02 14:31:33;44;2026-08-02 14:35:13;36;2026-08-02 14:37:01;101;2026-08-02 14:42:18;65;2026-08-02 14:46:44;47;2026-08-02 14:50:53;43;2026-08-02 15:06:30;57;2026-08-02 15:11:48;63;2026-08-02 15:14:46;68;2026-08-02 15:19:29;81;2026-08-02 15:23:10;58;2026-08-02 15:26:22;97;2026-08-02 15:32:23;20;2026-08-02 15:34:45;75;2026-08-02 15:36:30;110;2026-08-02 15:43:03;78;2026-08-02 15:47:18;84;2026-08-02 15:56:20;51;2026-08-02 16:03:03;55;2026-08-02 16:06:37;37;2026-08-02 16:11:00;240;2026-08-02 16:16:41
sfr;55 29 CF 2A 00 00 07 E0 ;134;"Шипилов Андрей";"1";OK;"290 б. за 3:54:51";241;2026-08-02 12:13:10;241;2026-08-02 12:13:10;56;2026-08-02 12:17:09;67;2026-08-02 12:20:56;46;2026-08-02 12:25:45;71;2026-08-02 12:29:09;82;2026-08-02 12:32:09;31;2026-08-02 12:37:44;64;2026-08-02 12:40:58;42;2026-08-02 12:44:34;111;2026-08-02 12:49:57;62;2026-08-02 12:56:18;87;2026-08-02 13:02:01;77;2026-08-02 13:08:28;92;2026-08-02 13:12:37;83;2026-08-02 13:16:18;90;2026-08-02 13:21:04;95;2026-08-02 13:25:58;89;2026-08-02 13:28:51;86;2026-08-02 13:31:20;69;2026-08-02 13:35:22;91;2026-08-02 13:39:50;74;2026-08-02 13:43:29;70;2026-08-02 13:52:34;61;2026-08-02 14:05:39;49;2026-08-02 14:10:09;53;2026-08-02 14:13:33;59;2026-08-02 14:17:00;54;2026-08-02 14:19:37;40;2026-08-02 14:22:53;41;2026-08-02 14:26:51;34;2026-08-02 14:29:25;48;2026-08-02 14:31:31;93;2026-08-02 14:35:26;45;2026-08-02 14:38:05;30;2026-08-02 14:45:33;72;2026-08-02 14:48:04;88;2026-08-02 14:51:18;32;2026-08-02 14:54:29;66;2026-08-02 14:57:53;50;2026-08-02 15:00:50;60;2026-08-02 15:02:25;44;2026-08-02 15:08:14;36;2026-08-02 15:10:47;101;2026-08-02 15:21:02;65;2026-08-02 15:26:38;47;2026-08-02 15:31:37;38;2026-08-02 15:41:38;39;2026-08-02 15:44:26;33;2026-08-02 15:47:35;35;2026-08-02 15:51:39;52;2026-08-02 16:01:56;240;2026-08-02 16:08:01
sfr;3D 37 CF 2A 00 00 07 E0 ;133;"Смирнов Александр";"1";OK;"290 б. за 3:54:55";241;2026-08-02 12:13:05;241;2026-08-02 12:13:05;56;2026-08-02 12:17:07;67;2026-08-02 12:20:49;46;2026-08-02 12:25:48;71;2026-08-02 12:29:00;82;2026-08-02 12:32:03;31;2026-08-02 12:37:35;64;2026-08-02 12:40:56;42;2026-08-02 12:44:27;111;2026-08-02 12:50:02;62;2026-08-02 12:56:06;87;2026-08-02 13:01:55;77;2026-08-02 13:08:23;92;2026-08-02 13:12:35;83;2026-08-02 13:16:23;90;2026-08-02 13:20:56;95;2026-08-02 13:25:52;89;2026-08-02 13:28:41;86;2026-08-02 13:31:15;69;2026-08-02 13:35:15;91;2026-08-02 13:39:47;74;2026-08-02 13:43:26;70;2026-08-02 13:52:18;61;2026-08-02 14:05:08;49;2026-08-02 14:10:02;53;2026-08-02 14:13:23;59;2026-08-02 14:17:03;54;2026-08-02 14:19:31;40;2026-08-02 14:22:48;41;2026-08-02 14:26:46;34;2026-08-02 14:29:20;48;2026-08-02 14:31:38;93;2026-08-02 14:35:17;45;2026-08-02 14:37:56;30;2026-08-02 14:45:23;72;2026-08-02 14:48:00;88;2026-08-02 14:51:13;32;2026-08-02 14:54:32;66;2026-08-02 14:57:50;50;2026-08-02 15:00:44;60;2026-08-02 15:02:18;44;2026-08-02 15:08:16;36;2026-08-02 15:10:37;101;2026-08-02 15:20:59;65;2026-08-02 15:26:30;47;2026-08-02 15:31:42;38;2026-08-02 15:41:41;39;2026-08-02 15:44:20;33;2026-08-02 15:47:32;35;2026-08-02 15:51:36;52;2026-08-02 16:01:49;240;2026-08-02 16:08:00
sfr;49 29 56 D9 EC 59 02 E0 ;119;"Веряскин Сергей";"1";OK;"208 б. за 3:57:53";241;2026-08-02 12:02:53;241;2026-08-02 12:02:53;43;2026-08-02 12:14:51;57;2026-08-02 12:17:51;63;2026-08-02 12:22:04;68;2026-08-02 12:30:17;81;2026-08-02 12:37:46;58;2026-08-02 12:41:10;97;2026-08-02 12:50:10;75;2026-08-02 13:01:45;51;2026-08-02 13:10:17;55;2026-08-02 13:14:58;47;2026-08-02 13:35:21;65;2026-08-02 13:42:20;36;2026-08-02 13:51:01;44;2026-08-02 13:55:02;66;2026-08-02 14:00:00;32;2026-08-02 14:03:26;88;2026-08-02 14:07:16;72;2026-08-02 14:09:23;30;2026-08-02 14:16:36;93;2026-08-02 14:19:54;45;2026-08-02 14:23:35;50;2026-08-02 14:25:51;60;2026-08-02 14:27:43;38;2026-08-02 14:30:23;35;2026-08-02 14:37:38;33;2026-08-02 14:41:44;39;2026-08-02 14:45:29;48;2026-08-02 14:49:17;34;2026-08-02 14:51:41;41;2026-08-02 14:54:02;40;2026-08-02 14:58:35;54;2026-08-02 15:05:40;53;2026-08-02 15:11:05;49;2026-08-02 15:14:40;61;2026-08-02 15:19:50;64;2026-08-02 15:29:45;31;2026-08-02 15:35:27;82;2026-08-02 15:41:24;71;2026-08-02 15:45:11;46;2026-08-02 15:51:05;56;2026-08-02 15:57:58;240;2026-08-02 16:00:46
sfr;69 34 56 D9 EC 59 02 E0 ;120;"Веряскина";"1";OK;"208 б. за 3:57:53";241;2026-08-02 12:02:55;241;2026-08-02 12:02:55;43;2026-08-02 12:14:52;57;2026-08-02 12:17:44;63;2026-08-02 12:22:05;68;2026-08-02 12:30:21;81;2026-08-02 12:37:47;58;2026-08-02 12:41:09;97;2026-08-02 12:50:11;75;2026-08-02 13:01:46;51;2026-08-02 13:10:18;55;2026-08-02 13:14:59;47;2026-08-02 13:35:22;65;2026-08-02 13:42:21;36;2026-08-02 13:51:02;44;2026-08-02 13:55:07;66;2026-08-02 14:00:01;32;2026-08-02 14:03:27;88;2026-08-02 14:07:17;72;2026-08-02 14:09:24;30;2026-08-02 14:16:38;93;2026-08-02 14:19:47;45;2026-08-02 14:23:32;50;2026-08-02 14:25:44;60;2026-08-02 14:27:48;38;2026-08-02 14:30:12;35;2026-08-02 14:37:39;33;2026-08-02 14:41:45;39;2026-08-02 14:45:39;48;2026-08-02 14:49:18;34;2026-08-02 14:51:37;41;2026-08-02 14:53:58;40;2026-08-02 14:58:37;54;2026-08-02 15:05:46;53;2026-08-02 15:11:07;49;2026-08-02 15:14:38;61;2026-08-02 15:19:55;64;2026-08-02 15:29:47;31;2026-08-02 15:35:28;82;2026-08-02 15:41:25;71;2026-08-02 15:45:16;46;2026-08-02 15:51:11;56;2026-08-02 15:57:59;240;2026-08-02 16:00:48
sfr;4C 39 CF 2A 00 00 07 E0 ;36;"Найдюк Александр";"1";OK;"270 б. за 3:48:45";241;2026-08-02 12:10:08;241;2026-08-02 12:10:08;56;2026-08-02 12:12:55;33;2026-08-02 12:16:08;35;2026-08-02 12:19:35;47;2026-08-02 12:23:11;65;2026-08-02 12:26:56;101;2026-08-02 12:29:59;36;2026-08-02 12:36:11;44;2026-08-02 12:38:13;38;2026-08-02 12:43:16;39;2026-08-02 12:46:53;48;2026-08-02 12:49:57;60;2026-08-02 12:53:20;50;2026-08-02 12:55:07;66;2026-08-02 12:58:43;32;2026-08-02 13:00:47;88;2026-08-02 13:03:54;72;2026-08-02 13:05:40;45;2026-08-02 13:12:26;93;2026-08-02 13:14:36;34;2026-08-02 13:16:31;41;2026-08-02 13:17:52;40;2026-08-02 13:21:47;54;2026-08-02 13:24:47;59;2026-08-02 13:27:31;67;2026-08-02 13:31:13;46;2026-08-02 13:36:11;49;2026-08-02 13:40:30;71;2026-08-02 13:43:25;61;2026-08-02 13:47:47;82;2026-08-02 13:58:45;31;2026-08-02 14:04:26;42;2026-08-02 14:22:57;62;2026-08-02 14:27:06;77;2026-08-02 14:32:00;92;2026-08-02 14:37:23;20;2026-08-02 14:48:52;97;2026-08-02 14:51:51;75;2026-08-02 14:54:55;110;2026-08-02 14:59:59;84;2026-08-02 15:06:22;78;2026-08-02 15:09:36;94;2026-08-02 15:14:21;96;2026-08-02 15:21:25;103;2026-08-02 15:31:06;73;2026-08-02 15:35:02;76;2026-08-02 15:41:11;37;2026-08-02 15:49:51;240;2026-08-02 15:58:53
sfr;46 30 56 D9 EC 59 02 E0 ;116;"Ясенев Владислав";"1";OK;"353 б. за 3:55:20";241;2026-08-02 12:15:09;241;2026-08-02 12:15:09;56;2026-08-02 12:18:27;79;2026-08-02 12:23:13;67;2026-08-02 12:25:05;46;2026-08-02 12:28:44;71;2026-08-02 12:31:47;82;2026-08-02 12:33:41;31;2026-08-02 12:41:05;64;2026-08-02 12:43:50;111;2026-08-02 12:47:37;62;2026-08-02 12:52:11;87;2026-08-02 12:56:04;77;2026-08-02 12:59:53;92;2026-08-02 13:03:13;83;2026-08-02 13:06:28;90;2026-08-02 13:09:11;95;2026-08-02 13:13:34;89;2026-08-02 13:15:55;86;2026-08-02 13:20:29;69;2026-08-02 13:23:36;74;2026-08-02 13:27:40;91;2026-08-02 13:30:15;70;2026-08-02 13:34:25;42;2026-08-02 13:36:39;61;2026-08-02 13:44:10;49;2026-08-02 13:47:50;53;2026-08-02 13:50:44;59;2026-08-02 13:52:35;54;2026-08-02 13:54:26;40;2026-08-02 13:56:28;52;2026-08-02 13:59:03;35;2026-08-02 14:02:54;39;2026-08-02 14:05:35;48;2026-08-02 14:07:52;41;2026-08-02 14:09:32;34;2026-08-02 14:12:22;60;2026-08-02 14:16:49;50;2026-08-02 14:18:24;45;2026-08-02 14:20:45;93;2026-08-02 14:22:53;30;2026-08-02 14:25:05;72;2026-08-02 14:28:00;88;2026-08-02 14:32:25;32;2026-08-02 14:35:23;66;2026-08-02 14:37:52;44;2026-08-02 14:41:41;36;2026-08-02 14:44:03;101;2026-08-02 14:51:56;65;2026-08-02 14:58:52;47;2026-08-02 15:02:42;43;2026-08-02 15:13:11;57;2026-08-02 15:18:15;63;2026-08-02 15:23:54;68;2026-08-02 15:32:33;81;2026-08-02 15:38:43;58;2026-08-02 15:44:12;97;2026-08-02 15:50:30;20;2026-08-02 15:52:08;75;2026-08-02 15:53:06;51;2026-08-02 16:01:04;55;2026-08-02 16:04:41;240;2026-08-02 16:10:29
sfr;4D 2B 56 D9 EC 59 02 E0 ;221;"Заозерский Дмитрий";"1";OK;"172 б. за 1:47:28";241;2026-08-02 12:33:13;241;2026-08-02 12:33:13;35;2026-08-02 12:38:18;47;2026-08-02 12:40:56;65;2026-08-02 12:44:02;101;2026-08-02 12:46:48;36;2026-08-02 12:51:46;44;2026-08-02 12:54:52;66;2026-08-02 12:58:41;32;2026-08-02 13:00:31;88;2026-08-02 13:03:42;72;2026-08-02 13:05:30;30;2026-08-02 13:07:54;93;2026-08-02 13:10:24;45;2026-08-02 13:12:25;50;2026-08-02 13:14:35;60;2026-08-02 13:16:17;48;2026-08-02 13:18:56;34;2026-08-02 13:20:39;41;2026-08-02 13:22:04;40;2026-08-02 13:27:11;54;2026-08-02 13:30:03;59;2026-08-02 13:32:29;53;2026-08-02 13:34:51;49;2026-08-02 13:38:34;61;2026-08-02 13:42:31;82;2026-08-02 13:46:09;71;2026-08-02 13:49:52;46;2026-08-02 13:54:25;67;2026-08-02 13:56:57;79;2026-08-02 13:58:56;56;2026-08-02 14:02:42;52;2026-08-02 14:06:03;33;2026-08-02 14:08:17;39;2026-08-02 14:11:12;38;2026-08-02 14:13:03;33;2026-08-02 14:17:12;240;2026-08-02 14:20:41
sfr;7C 45 52 9F DD 58 02 E0 ;5;"Зыкова Виктория";"1";OK;"169 б. за 1:51:07";241;2026-08-02 12:10:51;241;2026-08-02 12:10:51;56;2026-08-02 12:13:45;79;2026-08-02 12:16:46;67;2026-08-02 12:19:57;46;2026-08-02 12:22:20;71;2026-08-02 12:26:20;82;2026-08-02 12:29:30;61;2026-08-02 12:32:24;49;2026-08-02 12:36:15;53;2026-08-02 12:39:23;59;2026-08-02 12:41:49;54;2026-08-02 12:44:22;40;2026-08-02 12:47:24;41;2026-08-02 12:50:22;34;2026-08-02 12:52:25;48;2026-08-02 12:54:17;45;2026-08-02 12:58:11;93;2026-08-02 13:00:29;30;2026-08-02 13:03:49;72;2026-08-02 13:06:35;88;2026-08-02 13:08:37;32;2026-08-02 13:12:11;66;2026-08-02 13:14:16;50;2026-08-02 13:18:27;60;2026-08-02 13:20:07;44;2026-08-02 13:24:30;36;2026-08-02 13:27:09;101;2026-08-02 13:34:11;65;2026-08-02 13:38:16;47;2026-08-02 13:42:25;35;2026-08-02 13:45:55;39;2026-08-02 13:50:33;33;2026-08-02 13:53:34;52;2026-08-02 13:56:00;240;2026-08-02 14:01:58
sfr;EA E7 E5 2D 69 24 02 E0 ;12;"Наумова Полина";"1";OK;"169 б. за 1:51:08";241;2026-08-02 12:10:48;241;2026-08-02 12:10:48;56;2026-08-02 12:13:44;79;2026-08-02 12:16:38;67;2026-08-02 12:19:49;46;2026-08-02 12:22:22;71;2026-08-02 12:26:24;82;2026-08-02 12:29:34;61;2026-08-02 12:32:25;49;2026-08-02 12:36:16;53;2026-08-02 12:39:24;59;2026-08-02 12:41:45;54;2026-08-02 12:44:24;40;2026-08-02 12:47:21;41;2026-08-02 12:50:24;34;2026-08-02 12:52:24;48;2026-08-02 12:54:20;45;2026-08-02 12:58:08;93;2026-08-02 13:00:27;30;2026-08-02 13:03:52;72;2026-08-02 13:06:33;88;2026-08-02 13:08:43;32;2026-08-02 13:12:14;66;2026-08-02 13:14:18;50;2026-08-02 13:18:30;60;2026-08-02 13:20:10;44;2026-08-02 13:24:33;36;2026-08-02 13:27:13;101;2026-08-02 13:34:14;65;2026-08-02 13:38:08;47;2026-08-02 13:42:26;35;2026-08-02 13:45:57;39;2026-08-02 13:50:35;33;2026-08-02 13:53:32;52;2026-08-02 13:55:58;240;2026-08-02 14:01:56
sfr;50 30 56 D9 EC 59 02 E0 ;13;"Николаева Анна";"1";OK;"132 б. за 1:55:03";241;2026-08-02 12:07:49;241;2026-08-02 12:07:49;35;2026-08-02 12:13:34;47;2026-08-02 12:17:11;65;2026-08-02 12:21:36;101;2026-08-02 12:25:16;36;2026-08-02 12:34:21;44;2026-08-02 12:37:09;66;2026-08-02 12:42:49;32;2026-08-02 12:45:35;88;2026-08-02 12:50:20;72;2026-08-02 12:53:27;30;2026-08-02 12:57:23;93;2026-08-02 13:01:05;34;2026-08-02 13:04:43;48;2026-08-02 13:07:17;45;2026-08-02 13:11:11;50;2026-08-02 13:14:57;60;2026-08-02 13:17:22;38;2026-08-02 13:21:03;39;2026-08-02 13:23:52;33;2026-08-02 13:29:44;52;2026-08-02 13:33:29;59;2026-08-02 13:38:37;54;2026-08-02 13:42:06;53;2026-08-02 13:47:04;46;2026-08-02 13:51:31;67;2026-08-02 13:54:29;56;2026-08-02 14:00:46;240;2026-08-02 14:02:52
sfr;61 33 56 D9 EC 59 02 E0 ;207;"Хахалев Павел";"1";OK;"80 б. за 1:57:42";241;2026-08-02 12:29:17;241;2026-08-02 12:29:17;35;2026-08-02 12:39:06;33;2026-08-02 12:46:22;39;2026-08-02 12:51:58;38;2026-08-02 12:56:47;60;2026-08-02 13:02:35;50;2026-08-02 13:06:25;45;2026-08-02 13:09:58;93;2026-08-02 13:14:30;30;2026-08-02 13:21:37;72;2026-08-02 13:25:56;88;2026-08-02 13:29:06;32;2026-08-02 13:41:28;66;2026-08-02 13:46:13;44;2026-08-02 13:52:19;36;2026-08-02 13:56:42;47;2026-08-02 14:04:59;65;2026-08-02 14:12:59;240;2026-08-02 14:26:59
sfr;4A 21 56 D9 EC 59 02 E0 ;208;"Хахалева Надежда";"1";OK;"80 б. за 1:57:46";241;2026-08-02 12:29:14;241;2026-08-02 12:29:14;35;2026-08-02 12:38:59;33;2026-08-02 12:46:26;39;2026-08-02 12:51:57;38;2026-08-02 12:56:46;60;2026-08-02 13:02:34;50;2026-08-02 13:06:24;45;2026-08-02 13:09:57;93;2026-08-02 13:14:29;30;2026-08-02 13:21:36;72;2026-08-02 13:25:55;88;2026-08-02 13:29:05;32;2026-08-02 13:41:30;66;2026-08-02 13:46:14;44;2026-08-02 13:52:22;36;2026-08-02 13:56:40;47;2026-08-02 14:05:02;65;2026-08-02 14:13:05;240;2026-08-02 14:27:00
sfr;67 32 56 D9 EC 59 02 E0 ;18;"Тебеньков Алексей";"1";OK;"169 б. за 1:59:38";241;2026-08-02 12:08:27;241;2026-08-02 12:08:27;56;2026-08-02 12:11:33;79;2026-08-02 12:15:27;67;2026-08-02 12:17:22;46;2026-08-02 12:22:16;71;2026-08-02 12:26:17;82;2026-08-02 12:29:16;61;2026-08-02 12:32:18;49;2026-08-02 12:35:56;53;2026-08-02 12:39:16;59;2026-08-02 12:41:58;54;2026-08-02 12:44:29;40;2026-08-02 12:47:12;52;2026-08-02 12:50:48;33;2026-08-02 12:53:40;41;2026-08-02 12:58:59;34;2026-08-02 13:00:48;93;2026-08-02 13:05:00;30;2026-08-02 13:08:30;72;2026-08-02 13:11:12;88;2026-08-02 13:13:34;32;2026-08-02 13:20:27;66;2026-08-02 13:22:51;45;2026-08-02 13:27:13;50;2026-08-02 13:30:04;60;2026-08-02 13:32:05;48;2026-08-02 13:35:07;39;2026-08-02 13:38:55;38;2026-08-02 13:43:07;36;2026-08-02 13:46:47;44;2026-08-02 13:49:03;101;2026-08-02 13:57:39;65;2026-08-02 14:01:20;47;2026-08-02 14:04:48;240;2026-08-02 14:08:05
sfr;64 25 56 D9 EC 59 02 E0 ;202;"Калачев Артём";"1";OK;"204 б. за 2:03:58";241;2026-08-02 12:25:17;241;2026-08-02 12:25:17;35;2026-08-02 12:30:11;47;2026-08-02 12:33:12;65;2026-08-02 12:36:40;36;2026-08-02 12:42:00;44;2026-08-02 12:45:03;66;2026-08-02 12:48:14;32;2026-08-02 12:50:12;88;2026-08-02 12:53:31;72;2026-08-02 12:55:26;30;2026-08-02 12:57:50;93;2026-08-02 13:00:04;45;2026-08-02 13:02:56;50;2026-08-02 13:04:54;60;2026-08-02 13:06:14;38;2026-08-02 13:08:22;39;2026-08-02 13:10:02;48;2026-08-02 13:12:17;34;2026-08-02 13:14:08;41;2026-08-02 13:15:35;40;2026-08-02 13:18:04;54;2026-08-02 13:21:19;59;2026-08-02 13:23:33;53;2026-08-02 13:25:56;49;2026-08-02 13:28:43;61;2026-08-02 13:32:14;31;2026-08-02 13:40:33;64;2026-08-02 13:43:34;111;2026-08-02 13:47:36;42;2026-08-02 13:52:13;62;2026-08-02 13:54:55;77;2026-08-02 13:58:16;92;2026-08-02 14:02:00;90;2026-08-02 14:05:13;95;2026-08-02 14:08:47;87;2026-08-02 14:12:04;82;2026-08-02 14:19:27;71;2026-08-02 14:22:02;240;2026-08-02 14:29:15
sfr;3C 32 56 D9 EC 59 02 E0 ;201;"Калачев Виктор";"1";OK;"204 б. за 2:03:59";241;2026-08-02 12:25:18;241;2026-08-02 12:25:18;35;2026-08-02 12:30:13;47;2026-08-02 12:33:14;65;2026-08-02 12:36:48;36;2026-08-02 12:42:31;44;2026-08-02 12:44:59;66;2026-08-02 12:48:16;32;2026-08-02 12:50:08;88;2026-08-02 12:53:34;72;2026-08-02 12:55:34;30;2026-08-02 12:57:55;93;2026-08-02 13:00:08;45;2026-08-02 13:03:01;50;2026-08-02 13:04:58;60;2026-08-02 13:06:18;38;2026-08-02 13:08:25;39;2026-08-02 13:10:07;48;2026-08-02 13:12:20;34;2026-08-02 13:14:13;41;2026-08-02 13:15:39;40;2026-08-02 13:18:06;54;2026-08-02 13:21:23;59;2026-08-02 13:23:36;53;2026-08-02 13:25:59;49;2026-08-02 13:28:51;61;2026-08-02 13:32:19;31;2026-08-02 13:40:39;64;2026-08-02 13:43:36;111;2026-08-02 13:47:34;42;2026-08-02 13:52:16;62;2026-08-02 13:54:56;77;2026-08-02 13:58:19;92;2026-08-02 14:02:03;90;2026-08-02 14:05:16;95;2026-08-02 14:08:55;87;2026-08-02 14:12:07;82;2026-08-02 14:19:37;71;2026-08-02 14:21:59;240;2026-08-02 14:29:17
sfr;53 2E 56 D9 EC 59 02 E0 ;46;"Сгибнева Юлия";"1";OK;"140 б. за 3:11:06";241;2026-08-02 12:03:54;241;2026-08-02 12:03:54;56;2026-08-02 12:08:10;52;2026-08-02 12:14:08;67;2026-08-02 12:20:26;46;2026-08-02 12:24:51;53;2026-08-02 12:32:30;59;2026-08-02 12:39:13;54;2026-08-02 12:43:18;40;2026-08-02 12:47:33;41;2026-08-02 12:51:54;34;2026-08-02 12:54:33;48;2026-08-02 12:57:24;45;2026-08-02 13:02:50;93;2026-08-02 13:07:38;30;2026-08-02 13:12:27;72;2026-08-02 13:18:59;88;2026-08-02 13:22:45;32;2026-08-02 13:29:35;66;2026-08-02 13:42:05;50;2026-08-02 13:48:12;60;2026-08-02 13:52:09;38;2026-08-02 13:58:23;44;2026-08-02 14:04:37;36;2026-08-02 14:08:46;101;2026-08-02 14:19:44;65;2026-08-02 14:26:34;47;2026-08-02 14:37:16;35;2026-08-02 14:44:17;39;2026-08-02 14:54:14;33;2026-08-02 15:02:39;240;2026-08-02 15:15:00
sfr;E9 2E 04 2C 00 00 07 E0 ;40;"Пономарёва Анастасия";"1";OK;"130 б. за 3:36:24";241;2026-08-02 12:11:24;241;2026-08-02 12:11:24;56;2026-08-02 12:19:39;52;2026-08-02 12:28:33;33;2026-08-02 12:33:59;39;2026-08-02 12:39:58;38;2026-08-02 12:44:46;35;2026-08-02 12:51:07;47;2026-08-02 13:02:01;36;2026-08-02 13:08:28;44;2026-08-02 13:13:06;66;2026-08-02 13:21:47;32;2026-08-02 13:26:28;88;2026-08-02 13:34:24;72;2026-08-02 13:39:17;30;2026-08-02 13:45:47;93;2026-08-02 13:52:08;45;2026-08-02 13:57:37;50;2026-08-02 14:03:39;60;2026-08-02 14:13:28;48;2026-08-02 14:19:49;34;2026-08-02 14:23:52;41;2026-08-02 14:27:08;40;2026-08-02 14:36:36;54;2026-08-02 14:43:32;53;2026-08-02 14:52:06;49;2026-08-02 14:58:36;71;2026-08-02 15:06:23;46;2026-08-02 15:21:58;67;2026-08-02 15:27:51;240;2026-08-02 15:47:48
sfr;A1 D6 BB 32 01 24 02 E0 ;212;"Зудин Александр";"1";OK;"221 б. за 3:47:10";241;2026-08-02 12:02:48;241;2026-08-02 12:02:48;35;2026-08-02 12:10:17;39;2026-08-02 12:18:50;38;2026-08-02 12:21:08;60;2026-08-02 12:28:29;50;2026-08-02 12:30:40;66;2026-08-02 12:35:42;32;2026-08-02 12:45:27;88;2026-08-02 12:49:46;72;2026-08-02 12:54:22;30;2026-08-02 12:58:01;93;2026-08-02 13:00:22;48;2026-08-02 13:04:09;34;2026-08-02 13:06:16;41;2026-08-02 13:08:12;40;2026-08-02 13:15:00;54;2026-08-02 13:19:19;59;2026-08-02 13:22:04;53;2026-08-02 13:25:36;49;2026-08-02 13:29:13;71;2026-08-02 13:33:22;82;2026-08-02 13:37:38;31;2026-08-02 13:43:01;64;2026-08-02 13:46:45;111;2026-08-02 13:52:18;62;2026-08-02 14:01:10;77;2026-08-02 14:06:34;83;2026-08-02 14:11:32;90;2026-08-02 14:17:06;95;2026-08-02 14:26:09;69;2026-08-02 14:44:59;91;2026-08-02 14:50:53;74;2026-08-02 14:57:19;70;2026-08-02 15:07:04;61;2026-08-02 15:19:57;46;2026-08-02 15:27:15;67;2026-08-02 15:31:20;79;2026-08-02 15:37:15;56;2026-08-02 15:44:29;240;2026-08-02 15:49:58
sfr;A7 F9 FB 2D 69 24 02 E0 ;33;"Лапчинская Маргарита";"1";OK;"172 б. за 3:47:19";241;2026-08-02 12:22:40;241;2026-08-02 12:22:40;35;2026-08-02 12:29:30;47;2026-08-02 12:41:05;65;2026-08-02 12:47:32;101;2026-08-02 12:51:56;36;2026-08-02 12:59:29;44;2026-08-02 13:05:06;60;2026-08-02 13:11:43;50;2026-08-02 13:14:09;45;2026-08-02 13:18:39;66;2026-08-02 13:24:55;32;2026-08-02 13:31:45;88;2026-08-02 13:37:23;72;2026-08-02 13:41:00;30;2026-08-02 13:50:49;93;2026-08-02 13:55:35;48;2026-08-02 14:01:42;34;2026-08-02 14:04:57;41;2026-08-02 14:07:17;54;2026-08-02 14:19:01;40;2026-08-02 14:24:57;52;2026-08-02 14:31:03;59;2026-08-02 14:36:09;53;2026-08-02 14:43:55;49;2026-08-02 14:49:08;61;2026-08-02 14:55:27;82;2026-08-02 15:02:54;71;2026-08-02 15:09:30;46;2026-08-02 15:16:53;67;2026-08-02 15:23:41;79;2026-08-02 15:29:24;56;2026-08-02 15:38:06;33;2026-08-02 15:44:45;39;2026-08-02 15:50:23;38;2026-08-02 15:54:27;240;2026-08-02 16:09:59
sfr;4D B9 23 17 03 24 02 E0 ;130;"Марина Трошенкова";"1";OK;"308 б. за 4:00:14
Штраф: 3";241;2026-08-02 12:04:38;241;2026-08-02 12:04:38;56;2026-08-02 12:09:17;79;2026-08-02 12:13:46;67;2026-08-02 12:18:38;46;2026-08-02 12:22:37;71;2026-08-02 12:26:16;82;2026-08-02 12:28:54;31;2026-08-02 12:34:44;64;2026-08-02 12:38:13;42;2026-08-02 12:41:14;111;2026-08-02 12:45:52;62;2026-08-02 12:52:26;77;2026-08-02 12:56:17;92;2026-08-02 13:00:09;83;2026-08-02 13:04:13;90;2026-08-02 13:08:04;95;2026-08-02 13:13:54;89;2026-08-02 13:16:42;86;2026-08-02 13:20:16;69;2026-08-02 13:25:31;87;2026-08-02 13:30:06;91;2026-08-02 13:36:07;74;2026-08-02 13:40:45;70;2026-08-02 13:48:04;61;2026-08-02 14:00:07;49;2026-08-02 14:04:40;53;2026-08-02 14:10:04;59;2026-08-02 14:13:15;54;2026-08-02 14:16:30;52;2026-08-02 14:23:51;33;2026-08-02 14:27:51;40;2026-08-02 14:32:35;41;2026-08-02 14:37:08;34;2026-08-02 14:38:48;93;2026-08-02 14:41:56;48;2026-08-02 14:46:02;60;2026-08-02 14:49:20;50;2026-08-02 14:52:04;45;2026-08-02 14:54:16;30;2026-08-02 14:58:28;72;2026-08-02 15:01:55;88;2026-08-02 15:04:50;32;2026-08-02 15:08:05;66;2026-08-02 15:10:39;44;2026-08-02 15:13:41;36;2026-08-02 15:15:48;101;2026-08-02 15:23:46;65;2026-08-02 15:29:03;47;2026-08-02 15:35:40;63;2026-08-02 15:43:33;57;2026-08-02 15:46:30;43;2026-08-02 15:49:42;37;2026-08-02 15:53:56;55;2026-08-02 15:57:50;240;2026-08-02 16:04:52
sfr;EB 0B FC 16 03 24 02 E0 ;129;"Миронов Сергей";"1";OK;"308 б. за 4:00:16
Штраф: 3";241;2026-08-02 12:04:35;241;2026-08-02 12:04:35;56;2026-08-02 12:09:24;79;2026-08-02 12:13:52;67;2026-08-02 12:18:36;46;2026-08-02 12:22:43;71;2026-08-02 12:26:12;82;2026-08-02 12:28:43;31;2026-08-02 12:34:49;64;2026-08-02 12:38:02;42;2026-08-02 12:41:10;111;2026-08-02 12:45:45;62;2026-08-02 12:52:31;77;2026-08-02 12:56:24;92;2026-08-02 13:00:14;83;2026-08-02 13:04:18;90;2026-08-02 13:08:01;95;2026-08-02 13:14:00;89;2026-08-02 13:16:45;86;2026-08-02 13:20:18;69;2026-08-02 13:25:28;87;2026-08-02 13:30:08;91;2026-08-02 13:36:06;74;2026-08-02 13:40:25;70;2026-08-02 13:48:09;61;2026-08-02 14:00:22;49;2026-08-02 14:04:42;53;2026-08-02 14:10:01;59;2026-08-02 14:13:28;54;2026-08-02 14:16:35;52;2026-08-02 14:23:37;33;2026-08-02 14:27:46;40;2026-08-02 14:32:43;41;2026-08-02 14:37:07;34;2026-08-02 14:38:52;93;2026-08-02 14:41:49;48;2026-08-02 14:45:58;60;2026-08-02 14:49:09;50;2026-08-02 14:51:58;45;2026-08-02 14:54:20;30;2026-08-02 14:58:26;72;2026-08-02 15:01:53;88;2026-08-02 15:04:58;32;2026-08-02 15:08:11;66;2026-08-02 15:10:43;44;2026-08-02 15:13:29;36;2026-08-02 15:15:49;101;2026-08-02 15:23:54;65;2026-08-02 15:29:11;47;2026-08-02 15:35:38;63;2026-08-02 15:43:31;57;2026-08-02 15:46:41;43;2026-08-02 15:49:50;37;2026-08-02 15:53:47;55;2026-08-02 15:57:49;240;2026-08-02 16:04:51
sfr;2D 0D 21 F7 6A 24 02 E0 ;4;"Ермаченков Филипп";"1";OK;"199 б. за 2:05:55";241;2026-08-02 12:31:39;241;2026-08-02 12:31:39;37;2026-08-02 12:37:51;76;2026-08-02 12:44:38;73;2026-08-02 12:48:45;103;2026-08-02 12:52:35;96;2026-08-02 12:57:42;94;2026-08-02 13:00:12;94;2026-08-02 13:00:59;78;2026-08-02 13:03:54;84;2026-08-02 13:07:04;110;2026-08-02 13:10:26;97;2026-08-02 13:16:29;75;2026-08-02 13:18:35;20;2026-08-02 13:19:01;92;2026-08-02 13:29:19;77;2026-08-02 13:34:49;87;2026-08-02 13:40:19;69;2026-08-02 13:44:24;74;2026-08-02 13:49:16;91;2026-08-02 13:51:58;70;2026-08-02 13:55:11;64;2026-08-02 14:00:03;31;2026-08-02 14:03:20;82;2026-08-02 14:07:26;61;2026-08-02 14:10:52;71;2026-08-02 14:14:53;49;2026-08-02 14:18:14;53;2026-08-02 14:22:07;59;2026-08-02 14:25:05;52;2026-08-02 14:28:35;33;2026-08-02 14:31:23;56;2026-08-02 14:34:28;240;2026-08-02 14:37:34
sfr;6E 37 CF 2A 00 00 07 E0 ;11;"Насибуллин Ильгизар";"1";OK;"203 б. за 2:08:39";241;2026-08-02 12:05:39;241;2026-08-02 12:05:39;55;2026-08-02 12:12:31;63;2026-08-02 12:14:03;51;2026-08-02 12:18:35;68;2026-08-02 12:21:50;81;2026-08-02 12:25:57;58;2026-08-02 12:28:44;97;2026-08-02 12:33:45;75;2026-08-02 12:36:26;20;2026-08-02 12:38:07;92;2026-08-02 12:55:14;83;2026-08-02 12:58:34;90;2026-08-02 13:02:13;95;2026-08-02 13:06:01;89;2026-08-02 13:08:35;86;2026-08-02 13:11:10;69;2026-08-02 13:13:54;74;2026-08-02 13:18:13;91;2026-08-02 13:21:04;70;2026-08-02 13:23:47;42;2026-08-02 13:26:44;64;2026-08-02 13:30:13;31;2026-08-02 13:33:49;82;2026-08-02 13:37:51;61;2026-08-02 13:42:00;71;2026-08-02 13:45:58;49;2026-08-02 13:49:06;53;2026-08-02 13:52:26;59;2026-08-02 13:56:36;54;2026-08-02 13:59:29;40;2026-08-02 14:02:39;33;2026-08-02 14:05:48;52;2026-08-02 14:08:05;56;2026-08-02 14:11:58;240;2026-08-02 14:14:18
sfr;B7 30 CF 2A 00 00 07 E0 ;31;"Кузьмин Роман";"1";OK;"246 б. за 3:42:54";241;2026-08-02 12:12:25;241;2026-08-02 12:12:25;56;2026-08-02 12:16:09;79;2026-08-02 12:20:37;67;2026-08-02 12:23:26;46;2026-08-02 12:27:54;49;2026-08-02 12:34:35;71;2026-08-02 12:38:04;61;2026-08-02 12:42:57;82;2026-08-02 12:47:39;31;2026-08-02 12:52:55;64;2026-08-02 12:56:41;111;2026-08-02 13:03:17;62;2026-08-02 13:11:30;70;2026-08-02 13:23:26;91;2026-08-02 13:27:09;74;2026-08-02 13:30:16;69;2026-08-02 13:35:42;86;2026-08-02 13:41:24;89;2026-08-02 13:45:30;95;2026-08-02 13:49:05;90;2026-08-02 13:55:04;92;2026-08-02 14:00:10;20;2026-08-02 14:03:37;97;2026-08-02 14:07:59;75;2026-08-02 14:11:31;110;2026-08-02 14:21:39;84;2026-08-02 14:26:20;78;2026-08-02 14:29:34;94;2026-08-02 14:31:25;96;2026-08-02 14:35:20;103;2026-08-02 14:45:21;73;2026-08-02 14:49:55;76;2026-08-02 14:56:42;37;2026-08-02 15:08:33;35;2026-08-02 15:23:57;38;2026-08-02 15:30:30;39;2026-08-02 15:39:46;33;2026-08-02 15:46:29;240;2026-08-02 15:55:19
sfr;57 21 56 D9 EC 59 02 E0 ;28;"Зеленова Анастасия";"1";OK;"220 б. за 3:50:24";241;2026-08-02 12:09:17;241;2026-08-02 12:09:17;56;2026-08-02 12:13:04;79;2026-08-02 12:18:45;67;2026-08-02 12:21:16;46;2026-08-02 12:25:11;71;2026-08-02 12:31:44;82;2026-08-02 12:36:13;31;2026-08-02 12:42:17;64;2026-08-02 12:48:35;42;2026-08-02 12:54:05;70;2026-08-02 12:59:25;91;2026-08-02 13:04:02;74;2026-08-02 13:08:20;69;2026-08-02 13:16:07;86;2026-08-02 13:21:46;89;2026-08-02 13:26:04;95;2026-08-02 13:32:41;90;2026-08-02 13:38:50;92;2026-08-02 13:45:32;20;2026-08-02 13:52:17;97;2026-08-02 13:59:19;75;2026-08-02 14:03:03;110;2026-08-02 14:10:23;84;2026-08-02 14:15:53;78;2026-08-02 14:22:05;94;2026-08-02 14:24:15;96;2026-08-02 14:29:24;103;2026-08-02 14:42:21;73;2026-08-02 14:57:57;76;2026-08-02 15:07:19;37;2026-08-02 15:18:46;35;2026-08-02 15:35:18;39;2026-08-02 15:42:27;33;2026-08-02 15:51:26;240;2026-08-02 15:59:41
sfr;53 34 56 D9 EC 59 02 E0 ;42;"Потапенко Андрей";"1";OK;"253 б. за 3:51:20";241;2026-08-02 12:14:52;241;2026-08-02 12:14:52;56;2026-08-02 12:18:35;79;2026-08-02 12:22:57;67;2026-08-02 12:25:46;46;2026-08-02 12:29:03;49;2026-08-02 12:37:15;71;2026-08-02 12:41:30;82;2026-08-02 12:45:36;31;2026-08-02 12:52:29;70;2026-08-02 13:00:54;91;2026-08-02 13:04:52;74;2026-08-02 13:09:51;86;2026-08-02 13:19:01;89;2026-08-02 13:23:01;95;2026-08-02 13:27:35;87;2026-08-02 13:33:43;77;2026-08-02 13:41:16;83;2026-08-02 13:46:52;90;2026-08-02 13:51:56;92;2026-08-02 13:57:27;20;2026-08-02 14:03:28;97;2026-08-02 14:06:41;75;2026-08-02 14:10:30;110;2026-08-02 14:16:15;84;2026-08-02 14:21:40;78;2026-08-02 14:25:02;94;2026-08-02 14:30:00;96;2026-08-02 14:34:26;103;2026-08-02 14:44:56;73;2026-08-02 14:50:12;76;2026-08-02 14:56:12;37;2026-08-02 15:05:56;57;2026-08-02 15:15:55;43;2026-08-02 15:20:25;47;2026-08-02 15:31:34;35;2026-08-02 15:37:39;39;2026-08-02 15:42:18;33;2026-08-02 15:47:05;40;2026-08-02 15:52:37;52;2026-08-02 15:58:05;240;2026-08-02 16:06:12
sfr;7A 2F 56 D9 EC 59 02 E0 ;78;"Петров Андрей";"1";OK;"247 б. за 3:56:35";241;2026-08-02 12:21:31;241;2026-08-02 12:21:31;43;2026-08-02 12:29:40;57;2026-08-02 12:33:05;63;2026-08-02 12:38:15;55;2026-08-02 12:40:46;51;2026-08-02 12:47:13;68;2026-08-02 12:52:27;81;2026-08-02 12:59:25;58;2026-08-02 13:06:14;84;2026-08-02 13:12:47;110;2026-08-02 13:17:22;75;2026-08-02 13:22:48;97;2026-08-02 13:28:37;20;2026-08-02 13:31:07;92;2026-08-02 13:37:14;83;2026-08-02 13:42:51;90;2026-08-02 13:48:08;95;2026-08-02 13:54:09;89;2026-08-02 13:58:13;86;2026-08-02 14:02:33;87;2026-08-02 14:09:17;69;2026-08-02 14:15:27;74;2026-08-02 14:22:55;91;2026-08-02 14:27:21;70;2026-08-02 14:32:02;42;2026-08-02 14:39:39;64;2026-08-02 14:46:33;31;2026-08-02 14:51:45;82;2026-08-02 14:57:32;61;2026-08-02 15:03:03;71;2026-08-02 15:12:02;49;2026-08-02 15:18:23;53;2026-08-02 15:25:15;59;2026-08-02 15:30:28;46;2026-08-02 15:40:19;67;2026-08-02 15:46:04;79;2026-08-02 15:49:37;52;2026-08-02 16:02:59;33;2026-08-02 16:07:38;56;2026-08-02 16:13:01;240;2026-08-02 16:18:06
sfr;79 75 54 9F DD 58 02 E0 ;16;"Рыбакова Александра";"1";OK;"144 б. за 1:53:01";241;2026-08-02 12:16:25;241;2026-08-02 12:16:25;35;2026-08-02 12:21:37;47;2026-08-02 12:25:23;65;2026-08-02 12:29:39;101;2026-08-02 12:33:26;36;2026-08-02 12:41:53;44;2026-08-02 12:44:29;66;2026-08-02 12:49:44;32;2026-08-02 12:51:58;88;2026-08-02 12:56:32;72;2026-08-02 12:59:08;30;2026-08-02 13:02:24;93;2026-08-02 13:06:08;45;2026-08-02 13:09:10;50;2026-08-02 13:12:14;60;2026-08-02 13:14:46;48;2026-08-02 13:18:32;34;2026-08-02 13:21:05;41;2026-08-02 13:23:41;40;2026-08-02 13:27:57;54;2026-08-02 13:31:36;59;2026-08-02 13:35:10;53;2026-08-02 13:38:52;49;2026-08-02 13:42:51;71;2026-08-02 13:46:51;46;2026-08-02 13:52:12;67;2026-08-02 13:55:35;79;2026-08-02 14:00:00;56;2026-08-02 14:05:41;240;2026-08-02 14:09:26
sfr;99 4D 59 9F DD 58 02 E0 ;14;"Петухова Анна";"1";OK;"144 б. за 1:53:01";241;2026-08-02 12:16:24;241;2026-08-02 12:16:24;35;2026-08-02 12:21:38;47;2026-08-02 12:25:18;65;2026-08-02 12:29:47;101;2026-08-02 12:33:29;36;2026-08-02 12:41:51;44;2026-08-02 12:44:28;66;2026-08-02 12:49:40;32;2026-08-02 12:51:59;88;2026-08-02 12:56:31;72;2026-08-02 12:59:07;30;2026-08-02 13:02:25;93;2026-08-02 13:06:13;45;2026-08-02 13:09:09;50;2026-08-02 13:12:13;60;2026-08-02 13:14:47;48;2026-08-02 13:18:28;34;2026-08-02 13:21:04;41;2026-08-02 13:23:40;40;2026-08-02 13:27:49;54;2026-08-02 13:31:34;59;2026-08-02 13:35:12;53;2026-08-02 13:38:50;49;2026-08-02 13:42:54;71;2026-08-02 13:46:48;46;2026-08-02 13:52:14;67;2026-08-02 13:55:40;79;2026-08-02 13:59:47;56;2026-08-02 14:05:47;240;2026-08-02 14:09:25
sfr;78 30 CF 2A 00 00 07 E0 ;195;"Бабаев Андрей";"1";OK;"154 б. за 1:56:07";241;2026-08-02 12:29:10;241;2026-08-02 12:29:10;47;2026-08-02 12:33:17;65;2026-08-02 12:37:09;101;2026-08-02 12:40:59;36;2026-08-02 12:48:20;44;2026-08-02 12:50:24;66;2026-08-02 12:54:30;32;2026-08-02 12:57:30;88;2026-08-02 13:01:08;72;2026-08-02 13:04:15;30;2026-08-02 13:07:02;93;2026-08-02 13:09:32;45;2026-08-02 13:12:18;50;2026-08-02 13:15:14;60;2026-08-02 13:17:17;38;2026-08-02 13:20:45;39;2026-08-02 13:24:21;48;2026-08-02 13:27:25;34;2026-08-02 13:32:52;41;2026-08-02 13:34:33;40;2026-08-02 13:39:29;54;2026-08-02 13:43:06;59;2026-08-02 13:45:44;53;2026-08-02 13:49:26;49;2026-08-02 13:53:19;61;2026-08-02 13:58:03;82;2026-08-02 14:02:04;71;2026-08-02 14:05:23;46;2026-08-02 14:10:22;67;2026-08-02 14:16:24;56;2026-08-02 14:21:13;240;2026-08-02 14:25:17
sfr;67 31 CF 2A 00 00 07 E0 ;196;"Бабаев Роман Андреевич";"1";OK;"154 б. за 1:56:13";241;2026-08-02 12:29:09;241;2026-08-02 12:29:09;47;2026-08-02 12:33:19;65;2026-08-02 12:37:08;101;2026-08-02 12:40:53;36;2026-08-02 12:48:13;44;2026-08-02 12:50:28;66;2026-08-02 12:54:33;32;2026-08-02 12:57:34;88;2026-08-02 13:01:11;72;2026-08-02 13:04:16;30;2026-08-02 13:07:08;93;2026-08-02 13:09:38;45;2026-08-02 13:12:22;50;2026-08-02 13:15:11;60;2026-08-02 13:17:19;38;2026-08-02 13:20:55;39;2026-08-02 13:24:33;48;2026-08-02 13:27:28;34;2026-08-02 13:32:58;41;2026-08-02 13:34:42;40;2026-08-02 13:39:41;54;2026-08-02 13:43:05;59;2026-08-02 13:45:42;53;2026-08-02 13:49:31;49;2026-08-02 13:53:29;61;2026-08-02 13:58:05;82;2026-08-02 14:02:10;71;2026-08-02 14:05:30;46;2026-08-02 14:10:26;67;2026-08-02 14:16:06;56;2026-08-02 14:21:18;240;2026-08-02 14:25:22
sfr;2E 2C 56 D9 EC 59 02 E0 ;205;"Перфилов Василий";"1";OK;"109 б. за 1:59:46";241;2026-08-02 12:27:51;241;2026-08-02 12:27:51;47;2026-08-02 12:33:58;36;2026-08-02 12:37:53;44;2026-08-02 12:42:48;66;2026-08-02 12:48:23;32;2026-08-02 12:50:44;88;2026-08-02 12:55:14;72;2026-08-02 12:59:28;30;2026-08-02 13:04:06;93;2026-08-02 13:07:47;45;2026-08-02 13:13:41;50;2026-08-02 13:17:13;60;2026-08-02 13:20:38;48;2026-08-02 13:25:33;34;2026-08-02 13:33:29;41;2026-08-02 13:35:48;40;2026-08-02 13:46:10;54;2026-08-02 13:51:10;59;2026-08-02 13:55:24;53;2026-08-02 14:01:18;49;2026-08-02 14:06:13;71;2026-08-02 14:10:42;67;2026-08-02 14:19:36;240;2026-08-02 14:27:37
sfr;46 2E 56 D9 EC 59 02 E0 ;206;"Перфилов Алёна Васильевна";"1";OK;"109 б. за 1:59:47";241;2026-08-02 12:27:49;241;2026-08-02 12:27:49;47;2026-08-02 12:33:49;36;2026-08-02 12:37:48;44;2026-08-02 12:42:55;66;2026-08-02 12:48:12;32;2026-08-02 12:50:47;88;2026-08-02 12:55:13;72;2026-08-02 12:59:33;30;2026-08-02 13:04:12;93;2026-08-02 13:07:52;45;2026-08-02 13:13:44;50;2026-08-02 13:16:39;60;2026-08-02 13:20:45;48;2026-08-02 13:25:36;34;2026-08-02 13:33:15;41;2026-08-02 13:35:54;40;2026-08-02 13:45:49;54;2026-08-02 13:51:04;59;2026-08-02 13:55:16;53;2026-08-02 14:01:15;49;2026-08-02 14:05:56;71;2026-08-02 14:10:47;67;2026-08-02 14:19:08;240;2026-08-02 14:27:36
sfr;31 34 53 9F DD 58 02 E0 ;15;"Проценко Алексей";"1";OK;"153 б. за 2:00:28";241;2026-08-02 12:10:56;241;2026-08-02 12:10:56;35;2026-08-02 12:15:46;47;2026-08-02 12:19:19;36;2026-08-02 12:23:19;44;2026-08-02 12:26:19;66;2026-08-02 12:31:14;32;2026-08-02 12:33:31;88;2026-08-02 12:38:07;72;2026-08-02 12:40:54;30;2026-08-02 12:44:08;93;2026-08-02 12:47:45;45;2026-08-02 12:51:55;50;2026-08-02 12:54:56;60;2026-08-02 12:57:13;38;2026-08-02 13:00:34;39;2026-08-02 13:03:05;48;2026-08-02 13:07:16;34;2026-08-02 13:09:41;41;2026-08-02 13:11:34;54;2026-08-02 13:17:19;40;2026-08-02 13:21:31;52;2026-08-02 13:26:00;59;2026-08-02 13:30:01;53;2026-08-02 13:33:14;49;2026-08-02 13:37:07;61;2026-08-02 13:42:15;82;2026-08-02 13:45:56;71;2026-08-02 13:50:04;46;2026-08-02 13:58:36;67;2026-08-02 14:01:53;79;2026-08-02 14:04:07;56;2026-08-02 14:09:05;240;2026-08-02 14:11:24
sfr;62 33 56 D9 EC 59 02 E0 ;200;"Барабанов Алексей";"1";OK;"121 б. за 2:01:43";241;2026-08-02 12:11:57;241;2026-08-02 12:11:57;56;2026-08-02 12:17:20;79;2026-08-02 12:22:11;67;2026-08-02 12:25:37;46;2026-08-02 12:32:09;71;2026-08-02 12:37:53;82;2026-08-02 12:40:45;61;2026-08-02 12:46:23;49;2026-08-02 12:52:39;53;2026-08-02 12:57:47;59;2026-08-02 13:01:40;54;2026-08-02 13:11:27;40;2026-08-02 13:15:37;41;2026-08-02 13:24:41;34;2026-08-02 13:27:01;48;2026-08-02 13:31:39;93;2026-08-02 13:36:15;45;2026-08-02 13:42:10;30;2026-08-02 13:47:29;72;2026-08-02 13:51:44;88;2026-08-02 13:54:22;32;2026-08-02 13:59:24;66;2026-08-02 14:01:54;44;2026-08-02 14:05:50;240;2026-08-02 14:13:40
sfr;6E 2B 56 D9 EC 59 02 E0 ;198;"Барабанов Алексей";"1";OK;"121 б. за 2:01:47";241;2026-08-02 12:11:55;241;2026-08-02 12:11:55;56;2026-08-02 12:17:19;79;2026-08-02 12:21:56;67;2026-08-02 12:26:12;46;2026-08-02 12:32:12;71;2026-08-02 12:37:50;82;2026-08-02 12:40:31;61;2026-08-02 12:46:28;49;2026-08-02 12:52:47;53;2026-08-02 12:57:40;59;2026-08-02 13:01:37;54;2026-08-02 13:11:28;40;2026-08-02 13:15:41;41;2026-08-02 13:24:44;34;2026-08-02 13:27:03;48;2026-08-02 13:31:42;93;2026-08-02 13:36:11;45;2026-08-02 13:42:14;30;2026-08-02 13:47:24;72;2026-08-02 13:51:49;88;2026-08-02 13:54:24;32;2026-08-02 13:59:32;66;2026-08-02 14:01:56;44;2026-08-02 14:05:48;240;2026-08-02 14:13:42
sfr;44 34 56 D9 EC 59 02 E0 ;199;"Барабанова Василиса";"1";OK;"121 б. за 2:01:53";241;2026-08-02 12:11:52;241;2026-08-02 12:11:52;56;2026-08-02 12:17:17;79;2026-08-02 12:22:02;67;2026-08-02 12:25:28;46;2026-08-02 12:32:14;71;2026-08-02 12:37:56;82;2026-08-02 12:40:37;61;2026-08-02 12:46:27;49;2026-08-02 12:52:45;53;2026-08-02 12:57:49;59;2026-08-02 13:01:43;54;2026-08-02 13:11:31;40;2026-08-02 13:15:33;41;2026-08-02 13:24:43;34;2026-08-02 13:27:00;48;2026-08-02 13:31:45;93;2026-08-02 13:36:21;45;2026-08-02 13:42:15;30;2026-08-02 13:47:26;72;2026-08-02 13:51:47;88;2026-08-02 13:54:28;32;2026-08-02 13:59:30;66;2026-08-02 14:01:58;44;2026-08-02 14:05:53;240;2026-08-02 14:13:45
sfr;7B 32 56 D9 EC 59 02 E0 ;197;"Барабанова Яна";"1";OK;"121 б. за 2:01:55";241;2026-08-02 12:11:51;241;2026-08-02 12:11:51;56;2026-08-02 12:17:15;79;2026-08-02 12:22:13;67;2026-08-02 12:25:26;46;2026-08-02 12:32:11;71;2026-08-02 12:37:58;82;2026-08-02 12:40:25;61;2026-08-02 12:46:29;49;2026-08-02 12:52:43;53;2026-08-02 12:57:39;59;2026-08-02 13:01:34;54;2026-08-02 13:11:29;40;2026-08-02 13:15:42;41;2026-08-02 13:24:45;34;2026-08-02 13:26:58;48;2026-08-02 13:31:44;93;2026-08-02 13:36:09;45;2026-08-02 13:42:07;30;2026-08-02 13:47:27;72;2026-08-02 13:51:51;88;2026-08-02 13:54:27;32;2026-08-02 13:59:28;66;2026-08-02 14:02:02;44;2026-08-02 14:05:54;240;2026-08-02 14:13:46
sfr;74 3B 56 D9 EC 59 02 E0 ;107;"Пономарева Мария";"1";OK;"159 б. за 3:07:41";241;2026-08-02 12:06:49;241;2026-08-02 12:06:49;47;2026-08-02 12:14:19;65;2026-08-02 12:19:30;101;2026-08-02 12:24:53;36;2026-08-02 12:34:25;44;2026-08-02 12:37:35;66;2026-08-02 12:43:38;32;2026-08-02 12:48:35;88;2026-08-02 12:53:48;72;2026-08-02 12:58:14;30;2026-08-02 13:04:00;93;2026-08-02 13:07:43;45;2026-08-02 13:12:16;50;2026-08-02 13:15:25;60;2026-08-02 13:18:54;38;2026-08-02 13:23:26;39;2026-08-02 13:27:11;48;2026-08-02 13:32:06;34;2026-08-02 13:35:47;41;2026-08-02 13:38:26;40;2026-08-02 13:44:22;54;2026-08-02 13:51:19;59;2026-08-02 13:58:09;53;2026-08-02 14:05:34;49;2026-08-02 14:10:06;61;2026-08-02 14:17:40;82;2026-08-02 14:26:55;71;2026-08-02 14:32:08;46;2026-08-02 14:40:10;67;2026-08-02 14:46:11;52;2026-08-02 15:00:51;56;2026-08-02 15:08:04;240;2026-08-02 15:14:30
sfr;D7 10 D0 32 01 24 02 E0 ;50;"Старостина Надежда";"1";OK;"154 б. за 3:36:54";241;2026-08-02 12:04:03;241;2026-08-02 12:04:03;56;2026-08-02 12:08:07;79;2026-08-02 12:15:39;67;2026-08-02 12:18:32;46;2026-08-02 12:24:55;71;2026-08-02 12:31:28;82;2026-08-02 12:37:05;61;2026-08-02 12:43:10;49;2026-08-02 12:51:42;53;2026-08-02 12:59:00;59;2026-08-02 13:04:06;54;2026-08-02 13:09:47;40;2026-08-02 13:15:25;41;2026-08-02 13:22:21;34;2026-08-02 13:25:30;93;2026-08-02 13:30:15;48;2026-08-02 13:37:38;60;2026-08-02 13:44:43;50;2026-08-02 13:49:04;45;2026-08-02 13:57:43;72;2026-08-02 14:09:10;88;2026-08-02 14:13:23;32;2026-08-02 14:21:16;66;2026-08-02 14:25:38;44;2026-08-02 14:36:49;36;2026-08-02 14:42:19;65;2026-08-02 14:53:05;47;2026-08-02 15:03:04;38;2026-08-02 15:11:39;39;2026-08-02 15:17:05;33;2026-08-02 15:24:00;35;2026-08-02 15:32:53;240;2026-08-02 15:40:57
sfr;59 2B 56 D9 EC 59 02 E0 ;219;"Пакусина Любовь";"1";OK;"146 б. за 3:55:10";241;2026-08-02 12:10:33;241;2026-08-02 12:10:33;56;2026-08-02 12:15:17;79;2026-08-02 12:24:09;67;2026-08-02 12:27:16;46;2026-08-02 12:35:31;71;2026-08-02 12:44:54;82;2026-08-02 12:50:35;61;2026-08-02 12:56:43;49;2026-08-02 13:04:49;53;2026-08-02 13:11:01;59;2026-08-02 13:19:24;54;2026-08-02 13:24:40;52;2026-08-02 13:34:32;40;2026-08-02 13:42:30;41;2026-08-02 13:50:17;34;2026-08-02 13:55:26;48;2026-08-02 14:06:06;60;2026-08-02 14:12:02;50;2026-08-02 14:16:26;45;2026-08-02 14:21:41;93;2026-08-02 14:27:14;30;2026-08-02 14:35:48;72;2026-08-02 14:51:37;88;2026-08-02 14:55:31;32;2026-08-02 15:04:39;66;2026-08-02 15:09:00;44;2026-08-02 15:21:33;36;2026-08-02 15:46:14;38;2026-08-02 15:52:34;35;2026-08-02 15:57:50;240;2026-08-02 16:05:43
sfr;63 32 56 D9 EC 59 02 E0 ;220;"Пакусин Константин";"1";OK;"146 б. за 3:55:13";241;2026-08-02 12:10:34;241;2026-08-02 12:10:34;56;2026-08-02 12:15:19;79;2026-08-02 12:23:59;67;2026-08-02 12:27:17;46;2026-08-02 12:35:34;71;2026-08-02 12:45:00;82;2026-08-02 12:50:47;61;2026-08-02 12:56:41;49;2026-08-02 13:04:54;53;2026-08-02 13:11:06;59;2026-08-02 13:19:27;54;2026-08-02 13:24:45;52;2026-08-02 13:34:29;40;2026-08-02 13:42:18;41;2026-08-02 13:50:23;34;2026-08-02 13:55:28;48;2026-08-02 14:06:08;60;2026-08-02 14:12:05;50;2026-08-02 14:16:23;45;2026-08-02 14:21:44;93;2026-08-02 14:27:17;30;2026-08-02 14:35:49;72;2026-08-02 14:51:39;88;2026-08-02 14:55:33;32;2026-08-02 15:04:41;66;2026-08-02 15:09:03;44;2026-08-02 15:21:16;36;2026-08-02 15:46:17;38;2026-08-02 15:52:33;35;2026-08-02 15:57:54;240;2026-08-02 16:05:47
sfr;C7 EE 16 2E 69 24 02 E0 ;114;"Чуприков Евгений";"1";OK;"305 б. за 4:01:26
Штраф: 6";241;2026-08-02 12:03:02;241;2026-08-02 12:03:02;56;2026-08-02 12:08:19;52;2026-08-02 12:11:41;33;2026-08-02 12:14:46;35;2026-08-02 12:18:41;47;2026-08-02 12:23:03;65;2026-08-02 12:27:04;101;2026-08-02 12:30:22;36;2026-08-02 12:37:56;44;2026-08-02 12:40:18;66;2026-08-02 12:44:33;32;2026-08-02 12:47:43;88;2026-08-02 12:51:04;72;2026-08-02 12:52:57;30;2026-08-02 12:56:04;93;2026-08-02 12:58:36;45;2026-08-02 13:01:12;50;2026-08-02 13:03:54;60;2026-08-02 13:05:54;48;2026-08-02 13:08:41;34;2026-08-02 13:11:17;41;2026-08-02 13:15:30;40;2026-08-02 13:18:50;54;2026-08-02 13:21:32;59;2026-08-02 13:23:51;53;2026-08-02 13:26:31;49;2026-08-02 13:30:11;61;2026-08-02 13:34:51;31;2026-08-02 13:42:42;64;2026-08-02 13:46:15;111;2026-08-02 13:51:34;62;2026-08-02 13:59:42;77;2026-08-02 14:04:09;87;2026-08-02 14:09:22;83;2026-08-02 14:15:09;92;2026-08-02 14:19:00;90;2026-08-02 14:22:58;95;2026-08-02 14:27:03;89;2026-08-02 14:30:46;86;2026-08-02 14:35:13;69;2026-08-02 14:41:16;74;2026-08-02 14:46:46;91;2026-08-02 14:50:48;70;2026-08-02 14:54:22;82;2026-08-02 15:02:08;71;2026-08-02 15:05:45;46;2026-08-02 15:10:42;67;2026-08-02 15:14:44;79;2026-08-02 15:18:08;55;2026-08-02 15:34:56;58;2026-08-02 15:45:07;81;2026-08-02 15:48:58;68;2026-08-02 15:53:46;240;2026-08-02 16:04:28
sfr;61 BB 84 7F 00 24 02 E0 ;7;"Казаков Константин";"1";OK;"197 б. за 2:09:27";241;2026-08-02 12:08:04;241;2026-08-02 12:08:04;56;2026-08-02 12:11:05;79;2026-08-02 12:14:09;67;2026-08-02 12:15:53;46;2026-08-02 12:18:26;49;2026-08-02 12:23:01;71;2026-08-02 12:25:59;61;2026-08-02 12:30:02;82;2026-08-02 12:32:41;31;2026-08-02 12:37:10;64;2026-08-02 12:40:35;111;2026-08-02 12:47:05;62;2026-08-02 12:53:27;42;2026-08-02 12:58:11;91;2026-08-02 13:09:36;74;2026-08-02 13:12:28;69;2026-08-02 13:18:00;86;2026-08-02 13:21:40;89;2026-08-02 13:24:56;95;2026-08-02 13:27:47;90;2026-08-02 13:32:37;83;2026-08-02 13:36:33;92;2026-08-02 13:40:50;20;2026-08-02 13:44:03;75;2026-08-02 13:44:51;97;2026-08-02 13:48:20;58;2026-08-02 13:52:56;81;2026-08-02 13:56:29;51;2026-08-02 14:03:16;63;2026-08-02 14:07:55;55;2026-08-02 14:09:28;240;2026-08-02 14:17:31
sfr;53 2F 56 D9 EC 59 02 E0 ;214;"Сенягина Анастасия";"1";OK;"165 б. за 2:13:35";241;2026-08-02 12:24:32;241;2026-08-02 12:24:32;37;2026-08-02 12:32:31;112;2026-08-02 12:43:17;76;2026-08-02 12:50:01;73;2026-08-02 12:54:54;103;2026-08-02 13:06:57;96;2026-08-02 13:18:33;94;2026-08-02 13:21:16;78;2026-08-02 13:25:14;84;2026-08-02 13:28:43;110;2026-08-02 13:32:58;75;2026-08-02 13:37:36;20;2026-08-02 13:38:11;97;2026-08-02 13:40:41;92;2026-08-02 13:46:56;83;2026-08-02 13:51:42;87;2026-08-02 13:58:29;31;2026-08-02 14:11:08;82;2026-08-02 14:15:49;71;2026-08-02 14:19:38;46;2026-08-02 14:25:01;67;2026-08-02 14:28:14;79;2026-08-02 14:30:53;56;2026-08-02 14:35:31;240;2026-08-02 14:38:07
sfr;6E 29 A1 30 00 00 07 E0 ;213;"Сафронова Ирина";"1";OK;"165 б. за 2:13:35";241;2026-08-02 12:24:31;241;2026-08-02 12:24:31;37;2026-08-02 12:32:26;112;2026-08-02 12:43:12;76;2026-08-02 12:49:55;73;2026-08-02 12:54:51;103;2026-08-02 13:06:51;96;2026-08-02 13:18:37;94;2026-08-02 13:21:11;78;2026-08-02 13:25:25;84;2026-08-02 13:28:37;110;2026-08-02 13:32:42;75;2026-08-02 13:37:18;20;2026-08-02 13:38:04;97;2026-08-02 13:40:31;92;2026-08-02 13:46:47;83;2026-08-02 13:51:37;87;2026-08-02 13:58:27;31;2026-08-02 14:11:11;82;2026-08-02 14:15:51;71;2026-08-02 14:19:41;46;2026-08-02 14:24:52;67;2026-08-02 14:28:06;79;2026-08-02 14:30:57;56;2026-08-02 14:35:36;240;2026-08-02 14:38:06
sfr;6E 2A 56 D9 EC 59 02 E0 ;6;"Иванова Мария";"1";OK;"167 б. за 2:43:08";241;2026-08-02 12:48:14;241;2026-08-02 12:48:14;56;2026-08-02 12:50:56;79;2026-08-02 12:56:13;67;2026-08-02 12:58:23;46;2026-08-02 13:01:11;71;2026-08-02 13:08:43;82;2026-08-02 13:12:30;31;2026-08-02 13:21:14;64;2026-08-02 13:25:07;111;2026-08-02 13:34:52;62;2026-08-02 13:43:26;42;2026-08-02 13:49:02;70;2026-08-02 13:53:37;91;2026-08-02 13:57:09;69;2026-08-02 14:02:48;87;2026-08-02 14:10:05;77;2026-08-02 14:16:40;92;2026-08-02 14:22:11;20;2026-08-02 14:29:05;97;2026-08-02 14:32:12;75;2026-08-02 14:35:02;110;2026-08-02 14:41:27;78;2026-08-02 14:46:42;94;2026-08-02 14:48:53;96;2026-08-02 14:54:59;240;2026-08-02 15:31:22
sfr;6D 34 CF 2A 00 00 07 E0 ;77;"Милехина Александра";"1";OK;"211 б. за 3:50:01";241;2026-08-02 12:03:00;241;2026-08-02 12:03:00;43;2026-08-02 12:13:48;57;2026-08-02 12:18:40;63;2026-08-02 12:25:07;55;2026-08-02 12:28:22;51;2026-08-02 12:38:23;81;2026-08-02 12:47:47;58;2026-08-02 12:56:34;84;2026-08-02 13:03:56;110;2026-08-02 13:10:46;97;2026-08-02 13:24:29;75;2026-08-02 13:30:25;20;2026-08-02 13:31:09;92;2026-08-02 13:37:10;83;2026-08-02 13:43:31;90;2026-08-02 13:52:03;95;2026-08-02 13:59:38;89;2026-08-02 14:04:57;86;2026-08-02 14:11:20;69;2026-08-02 14:19:21;74;2026-08-02 14:27:35;91;2026-08-02 14:32:19;70;2026-08-02 14:38:12;42;2026-08-02 14:44:06;64;2026-08-02 14:51:17;31;2026-08-02 14:58:05;82;2026-08-02 15:06:21;61;2026-08-02 15:12:44;71;2026-08-02 15:20:44;46;2026-08-02 15:28:55;67;2026-08-02 15:35:02;79;2026-08-02 15:41:36;56;2026-08-02 15:48:46;240;2026-08-02 15:53:01
sfr;C4 36 CF 2A 00 00 07 E0 ;76;"Милехина Екатерина";"1";OK;"211 б. за 3:50:05";241;2026-08-02 12:02:59;241;2026-08-02 12:02:59;43;2026-08-02 12:13:42;57;2026-08-02 12:18:44;63;2026-08-02 12:25:05;55;2026-08-02 12:28:25;51;2026-08-02 12:38:21;81;2026-08-02 12:47:49;58;2026-08-02 12:56:32;84;2026-08-02 13:03:53;110;2026-08-02 13:10:50;97;2026-08-02 13:24:27;75;2026-08-02 13:30:23;20;2026-08-02 13:31:10;92;2026-08-02 13:37:08;83;2026-08-02 13:43:34;90;2026-08-02 13:52:01;95;2026-08-02 13:59:39;89;2026-08-02 14:05:00;86;2026-08-02 14:11:23;69;2026-08-02 14:19:26;74;2026-08-02 14:27:39;91;2026-08-02 14:32:16;70;2026-08-02 14:38:15;42;2026-08-02 14:44:10;64;2026-08-02 14:51:23;31;2026-08-02 14:58:03;82;2026-08-02 15:06:26;61;2026-08-02 15:12:48;71;2026-08-02 15:20:41;46;2026-08-02 15:28:52;67;2026-08-02 15:35:04;79;2026-08-02 15:41:33;56;2026-08-02 15:48:47;240;2026-08-02 15:53:04
sfr;7C 27 56 D9 EC 59 02 E0 ;55;"Тихомиров Алексей";"1";OK;"250 б. за 3:52:58";241;2026-08-02 12:28:34;241;2026-08-02 12:28:34;56;2026-08-02 12:31:20;79;2026-08-02 12:34:58;67;2026-08-02 12:37:07;52;2026-08-02 12:41:28;40;2026-08-02 12:46:20;54;2026-08-02 12:50:46;59;2026-08-02 12:54:01;53;2026-08-02 12:57:42;49;2026-08-02 13:01:55;71;2026-08-02 13:06:07;61;2026-08-02 13:11:18;82;2026-08-02 13:15:00;31;2026-08-02 13:21:28;64;2026-08-02 13:26:20;111;2026-08-02 13:34:28;62;2026-08-02 13:44:57;42;2026-08-02 13:51:15;70;2026-08-02 13:56:17;91;2026-08-02 14:00:09;74;2026-08-02 14:04:21;69;2026-08-02 14:11:02;86;2026-08-02 14:15:48;89;2026-08-02 14:20:59;95;2026-08-02 14:25:32;90;2026-08-02 14:31:41;83;2026-08-02 14:38:14;77;2026-08-02 14:45:26;92;2026-08-02 14:53:48;20;2026-08-02 15:02:24;75;2026-08-02 15:03:21;97;2026-08-02 15:07:24;58;2026-08-02 15:22:26;81;2026-08-02 15:27:05;68;2026-08-02 15:34:27;51;2026-08-02 15:41:22;55;2026-08-02 15:48:54;63;2026-08-02 15:51:35;57;2026-08-02 15:58:01;43;2026-08-02 16:03:42;47;2026-08-02 16:14:52;240;2026-08-02 16:21:32
sfr;3D 2D 56 D9 EC 59 02 E0 ;153;"Павелко Марина";"1";OK;"167 б. за 3:53:01";241;2026-08-02 12:17:01;241;2026-08-02 12:17:01;56;2026-08-02 12:22:30;79;2026-08-02 12:33:47;67;2026-08-02 12:41:57;46;2026-08-02 12:51:46;71;2026-08-02 13:02:53;82;2026-08-02 13:08:14;31;2026-08-02 13:24:32;70;2026-08-02 13:40:56;91;2026-08-02 13:51:34;74;2026-08-02 13:57:15;86;2026-08-02 14:14:29;89;2026-08-02 14:19:03;95;2026-08-02 14:24:36;90;2026-08-02 14:30:43;92;2026-08-02 14:41:33;20;2026-08-02 14:48:32;97;2026-08-02 14:52:08;75;2026-08-02 14:57:11;110;2026-08-02 15:08:24;78;2026-08-02 15:23:55;94;2026-08-02 15:26:26;96;2026-08-02 15:33:58;73;2026-08-02 15:46:39;240;2026-08-02 16:10:02
sfr;41 25 56 D9 EC 59 02 E0 ;152;"Занавескина Ольга";"1";OK;"167 б. за 3:53:02";241;2026-08-02 12:16:59;241;2026-08-02 12:16:59;56;2026-08-02 12:22:31;79;2026-08-02 12:33:54;67;2026-08-02 12:42:01;46;2026-08-02 12:51:49;71;2026-08-02 13:02:59;82;2026-08-02 13:08:18;31;2026-08-02 13:24:28;70;2026-08-02 13:40:54;91;2026-08-02 13:51:31;74;2026-08-02 13:57:19;86;2026-08-02 14:14:26;89;2026-08-02 14:19:02;95;2026-08-02 14:24:34;90;2026-08-02 14:30:45;92;2026-08-02 14:41:14;20;2026-08-02 14:48:31;97;2026-08-02 14:52:16;75;2026-08-02 14:57:07;110;2026-08-02 15:08:31;78;2026-08-02 15:23:57;94;2026-08-02 15:26:25;96;2026-08-02 15:34:20;73;2026-08-02 15:46:44;240;2026-08-02 16:10:01
sfr;FA 34 C9 28 02 24 02 E0 ;22;"Васильева Марина";"1";OK;"213 б. за 3:54:09";241;2026-08-02 12:15:02;241;2026-08-02 12:15:02;56;2026-08-02 12:18:31;79;2026-08-02 12:23:06;67;2026-08-02 12:25:30;46;2026-08-02 12:28:55;49;2026-08-02 12:34:47;71;2026-08-02 12:38:47;61;2026-08-02 12:44:07;82;2026-08-02 12:48:19;31;2026-08-02 12:57:04;64;2026-08-02 13:05:21;70;2026-08-02 13:12:18;91;2026-08-02 13:18:24;74;2026-08-02 13:24:43;69;2026-08-02 13:32:17;87;2026-08-02 13:38:43;86;2026-08-02 13:47:09;89;2026-08-02 13:51:27;95;2026-08-02 13:55:39;90;2026-08-02 14:02:21;83;2026-08-02 14:08:14;92;2026-08-02 14:15:10;20;2026-08-02 14:21:52;97;2026-08-02 14:25:13;110;2026-08-02 14:34:53;84;2026-08-02 14:40:41;58;2026-08-02 14:46:55;81;2026-08-02 14:53:11;63;2026-08-02 15:20:04;55;2026-08-02 15:25:43;57;2026-08-02 15:32:55;43;2026-08-02 15:39:55;37;2026-08-02 15:47:14;35;2026-08-02 16:01:30;240;2026-08-02 16:09:11
sfr;B4 37 CF 2A 00 00 07 E0 ;43;"Прокопович Георгий";"1";OK;"248 б. за 3:55:29";241;2026-08-02 12:09:14;241;2026-08-02 12:09:14;56;2026-08-02 12:12:25;79;2026-08-02 12:16:10;67;2026-08-02 12:18:11;46;2026-08-02 12:22:25;49;2026-08-02 12:27:23;71;2026-08-02 12:31:00;61;2026-08-02 12:35:59;82;2026-08-02 12:41:36;31;2026-08-02 12:48:10;64;2026-08-02 12:52:12;42;2026-08-02 12:58:30;70;2026-08-02 13:02:34;91;2026-08-02 13:07:10;74;2026-08-02 13:16:01;69;2026-08-02 13:22:14;86;2026-08-02 13:27:53;89;2026-08-02 13:32:00;95;2026-08-02 13:40:30;90;2026-08-02 13:45:07;83;2026-08-02 13:49:41;92;2026-08-02 13:55:19;77;2026-08-02 14:02:51;62;2026-08-02 14:08:49;111;2026-08-02 14:18:21;73;2026-08-02 14:33:30;103;2026-08-02 14:42:17;96;2026-08-02 14:51:19;94;2026-08-02 14:54:04;78;2026-08-02 14:56:01;110;2026-08-02 15:15:02;75;2026-08-02 15:21:17;20;2026-08-02 15:22:06;97;2026-08-02 15:26:30;81;2026-08-02 15:39:59;55;2026-08-02 15:56:25;240;2026-08-02 16:04:43
sfr;CA 27 CF 2A 00 00 07 E0 ;25;"Есауленко Анастасия";"1";OK;"181 б. за 3:59:19";241;2026-08-02 12:29:33;241;2026-08-02 12:29:33;56;2026-08-02 12:35:07;79;2026-08-02 12:45:51;67;2026-08-02 12:49:36;46;2026-08-02 13:00:46;71;2026-08-02 13:10:25;82;2026-08-02 13:17:18;31;2026-08-02 13:30:05;70;2026-08-02 13:44:17;91;2026-08-02 13:50:52;74;2026-08-02 13:57:02;69;2026-08-02 14:06:24;86;2026-08-02 14:12:20;89;2026-08-02 14:18:38;95;2026-08-02 14:24:31;90;2026-08-02 14:32:34;83;2026-08-02 14:39:57;92;2026-08-02 14:48:17;20;2026-08-02 14:56:02;97;2026-08-02 15:00:19;75;2026-08-02 15:05:21;110;2026-08-02 15:13:50;84;2026-08-02 15:20:29;58;2026-08-02 15:28:19;68;2026-08-02 15:45:04;51;2026-08-02 15:53:15;55;2026-08-02 16:04:24;37;2026-08-02 16:13:41;240;2026-08-02 16:28:52
sfr;53 1F 56 D9 EC 59 02 E0 ;4;"Гапунич Ксения";"1";OK;"51 б. за 1:09:37";241;2026-08-02 12:06:39;241;2026-08-02 12:06:39;35;2026-08-02 12:12:02;47;2026-08-02 12:15:56;36;2026-08-02 12:20:52;44;2026-08-02 12:23:32;66;2026-08-02 12:31:11;45;2026-08-02 12:38:22;50;2026-08-02 12:43:15;60;2026-08-02 12:46:46;39;2026-08-02 12:53:47;33;2026-08-02 13:00:45;52;2026-08-02 13:04:54;56;2026-08-02 13:13:11;240;2026-08-02 13:16:16
sfr;41 2D 56 D9 EC 59 02 E0 ;9;"Кобякова Оксана";"1";OK;"71 б. за 1:42:17";241;2026-08-02 12:03:56;241;2026-08-02 12:03:56;35;2026-08-02 12:14:11;38;2026-08-02 12:20:47;39;2026-08-02 12:26:45;60;2026-08-02 12:32:33;50;2026-08-02 12:36:32;45;2026-08-02 12:43:15;93;2026-08-02 12:48:28;34;2026-08-02 12:53:08;48;2026-08-02 12:57:35;41;2026-08-02 13:02:05;40;2026-08-02 13:10:45;54;2026-08-02 13:16:33;59;2026-08-02 13:21:48;52;2026-08-02 13:29:41;33;2026-08-02 13:34:55;56;2026-08-02 13:40:47;240;2026-08-02 13:46:13
sfr;6B 36 56 D9 EC 59 02 E0 ;194;"Финеева Ника";"1";OK;"41 б. за 1:43:46";241;2026-08-02 12:02:38;241;2026-08-02 12:02:38;56;2026-08-02 12:11:41;52;2026-08-02 12:21:31;40;2026-08-02 12:32:01;41;2026-08-02 12:41:47;34;2026-08-02 12:46:12;48;2026-08-02 12:52:25;38;2026-08-02 13:07:54;39;2026-08-02 13:13:27;33;2026-08-02 13:20:09;35;2026-08-02 13:28:21;47;2026-08-02 13:35:17;240;2026-08-02 13:46:24
sfr;5A 31 56 D9 EC 59 02 E0 ;193;"Финеев Дмитрий";"1";OK;"41 б. за 1:43:49";241;2026-08-02 12:02:32;241;2026-08-02 12:02:32;56;2026-08-02 12:12:09;52;2026-08-02 12:21:35;40;2026-08-02 12:31:57;41;2026-08-02 12:41:43;34;2026-08-02 12:46:10;48;2026-08-02 12:52:27;38;2026-08-02 13:07:50;39;2026-08-02 13:13:29;33;2026-08-02 13:20:11;35;2026-08-02 13:28:23;47;2026-08-02 13:35:14;240;2026-08-02 13:46:21
sfr;3A 32 56 D9 EC 59 02 E0 ;186;"Крупин Владимир";"1";OK;"76 б. за 1:44:48";241;2026-08-02 12:03:12;241;2026-08-02 12:03:12;35;2026-08-02 12:10:21;47;2026-08-02 12:15:04;65;2026-08-02 12:21:07;101;2026-08-02 12:27:11;36;2026-08-02 12:40:37;44;2026-08-02 12:45:44;66;2026-08-02 12:57:32;50;2026-08-02 13:05:17;60;2026-08-02 13:09:19;39;2026-08-02 13:16:02;33;2026-08-02 13:21:39;52;2026-08-02 13:25:58;67;2026-08-02 13:33:05;79;2026-08-02 13:36:46;56;2026-08-02 13:44:32;240;2026-08-02 13:48:00
sfr;8B 36 56 D9 EC 59 02 E0 ;185;"Крупин Евгений";"1";OK;"76 б. за 1:44:54";241;2026-08-02 12:03:11;241;2026-08-02 12:03:11;35;2026-08-02 12:10:31;47;2026-08-02 12:15:15;65;2026-08-02 12:21:20;101;2026-08-02 12:26:58;36;2026-08-02 12:40:39;44;2026-08-02 12:45:57;66;2026-08-02 12:57:30;50;2026-08-02 13:05:29;60;2026-08-02 13:09:26;39;2026-08-02 13:16:10;33;2026-08-02 13:21:48;52;2026-08-02 13:26:08;67;2026-08-02 13:33:03;79;2026-08-02 13:37:08;56;2026-08-02 13:44:36;240;2026-08-02 13:48:05
sfr;41 31 56 D9 EC 59 02 E0 ;184;"Зимина Стефания";"1";OK;"44 б. за 1:47:45";241;2026-08-02 12:03:35;241;2026-08-02 12:03:35;56;2026-08-02 12:10:00;79;2026-08-02 12:20:01;67;2026-08-02 12:26:27;46;2026-08-02 12:36:30;59;2026-08-02 12:51:47;54;2026-08-02 13:01:35;40;2026-08-02 13:11:35;52;2026-08-02 13:26:17;33;2026-08-02 13:35:10;240;2026-08-02 13:51:20
sfr;31 2F 56 D9 EC 59 02 E0 ;183;"Зимин Алексей";"1";OK;"44 б. за 1:48:00";241;2026-08-02 12:03:22;241;2026-08-02 12:03:22;56;2026-08-02 12:09:58;79;2026-08-02 12:19:59;67;2026-08-02 12:26:23;46;2026-08-02 12:36:28;59;2026-08-02 12:51:53;54;2026-08-02 13:01:33;40;2026-08-02 13:11:39;52;2026-08-02 13:26:20;33;2026-08-02 13:35:09;240;2026-08-02 13:51:22
sfr;78 2B 56 D9 EC 59 02 E0 ;189;"Плыткевич Евгений";"1";OK;"44 б. за 1:48:25";241;2026-08-02 12:03:27;241;2026-08-02 12:03:27;56;2026-08-02 12:10:05;79;2026-08-02 12:20:58;67;2026-08-02 12:26:29;46;2026-08-02 12:36:24;59;2026-08-02 12:51:55;54;2026-08-02 13:01:53;40;2026-08-02 13:11:52;52;2026-08-02 13:26:30;33;2026-08-02 13:35:13;240;2026-08-02 13:51:52
sfr;67 32 CF 2A 00 00 07 E0 ;190;"Плыткевич Мария";"1";OK;"44 б. за 1:48:32";241;2026-08-02 12:03:25;241;2026-08-02 12:03:25;56;2026-08-02 12:10:08;79;2026-08-02 12:20:29;67;2026-08-02 12:26:31;46;2026-08-02 12:36:26;59;2026-08-02 12:51:37;54;2026-08-02 13:01:50;40;2026-08-02 13:11:49;52;2026-08-02 13:26:27;33;2026-08-02 13:35:12;240;2026-08-02 13:51:57
sfr;6D 28 56 D9 EC 59 02 E0 ;17;"Соколов Юрий";"1";OK;"68 б. за 1:54:10";241;2026-08-02 12:14:46;241;2026-08-02 12:14:46;56;2026-08-02 12:19:15;52;2026-08-02 12:33:08;40;2026-08-02 12:40:52;41;2026-08-02 12:49:23;34;2026-08-02 12:52:43;93;2026-08-02 12:57:31;45;2026-08-02 13:04:22;50;2026-08-02 13:09:00;60;2026-08-02 13:13:42;44;2026-08-02 13:24:12;36;2026-08-02 13:27:38;38;2026-08-02 13:33:17;39;2026-08-02 13:39:01;33;2026-08-02 13:44:43;35;2026-08-02 13:51:46;47;2026-08-02 14:01:33;240;2026-08-02 14:08:56
sfr;3D 44 53 9F DD 58 02 E0 ;8;"Кнотько Александр";"1";OK;"88 б. за 1:57:26";241;2026-08-02 12:13:32;241;2026-08-02 12:13:32;56;2026-08-02 12:18:03;79;2026-08-02 12:23:45;67;2026-08-02 12:26:58;46;2026-08-02 12:33:31;53;2026-08-02 12:42:08;59;2026-08-02 12:48:23;54;2026-08-02 12:53:53;40;2026-08-02 13:01:29;41;2026-08-02 13:07:06;34;2026-08-02 13:10:45;93;2026-08-02 13:15:47;45;2026-08-02 13:20:59;50;2026-08-02 13:26:23;60;2026-08-02 13:30:13;38;2026-08-02 13:35:50;39;2026-08-02 13:40:18;33;2026-08-02 13:45:22;35;2026-08-02 13:52:43;47;2026-08-02 13:58:51;240;2026-08-02 14:10:58
sfr;4E 2D 56 D9 EC 59 02 E0 ;209;"Шкатов Владимир";"1";OK;"79 б. за 1:57:38";241;2026-08-02 12:07:01;241;2026-08-02 12:07:01;56;2026-08-02 12:14:31;52;2026-08-02 12:21:46;59;2026-08-02 12:29:03;53;2026-08-02 12:33:54;54;2026-08-02 12:39:24;34;2026-08-02 12:48:21;93;2026-08-02 12:57:08;30;2026-08-02 13:04:10;88;2026-08-02 13:09:07;50;2026-08-02 13:17:59;44;2026-08-02 13:23:54;36;2026-08-02 13:28:10;60;2026-08-02 13:35:59;48;2026-08-02 13:39:59;39;2026-08-02 13:50:06;38;2026-08-02 13:54:45;35;2026-08-02 13:59:39;240;2026-08-02 14:04:39
sfr;66 2E 56 D9 EC 59 02 E0 ;210;"Базунов Алексей";"1";OK;"79 б. за 1:57:39";241;2026-08-02 12:06:59;241;2026-08-02 12:06:59;56;2026-08-02 12:14:30;52;2026-08-02 12:21:49;59;2026-08-02 12:29:01;53;2026-08-02 12:33:52;54;2026-08-02 12:39:22;34;2026-08-02 12:48:17;93;2026-08-02 12:57:19;30;2026-08-02 13:04:14;88;2026-08-02 13:09:05;50;2026-08-02 13:18:01;44;2026-08-02 13:24:02;36;2026-08-02 13:28:16;60;2026-08-02 13:35:57;48;2026-08-02 13:39:54;39;2026-08-02 13:50:05;38;2026-08-02 13:54:40;35;2026-08-02 13:59:33;240;2026-08-02 14:04:38
sfr;88 2E 56 D9 EC 59 02 E0 ;191;"Соколов Роман";"1";OK;"77 б. за 1:58:43";241;2026-08-02 12:10:57;241;2026-08-02 12:10:57;56;2026-08-02 12:15:57;79;2026-08-02 12:23:34;67;2026-08-02 12:26:06;46;2026-08-02 12:31:42;71;2026-08-02 12:42:14;82;2026-08-02 12:47:43;31;2026-08-02 12:56:18;111;2026-08-02 13:06:55;64;2026-08-02 13:19:12;61;2026-08-02 13:35:58;49;2026-08-02 13:45:20;53;2026-08-02 13:53:33;59;2026-08-02 13:59:08;240;2026-08-02 14:09:40
sfr;32 28 CF 2A 00 00 07 E0 ;19;"Тулупов Андрей";"1";OK;"78 б. за 1:59:00";241;2026-08-02 12:03:20;241;2026-08-02 12:03:20;56;2026-08-02 12:08:29;79;2026-08-02 12:15:59;67;2026-08-02 12:21:57;46;2026-08-02 12:27:57;71;2026-08-02 12:35:44;82;2026-08-02 12:41:34;61;2026-08-02 12:47:57;49;2026-08-02 12:56:04;53;2026-08-02 13:02:18;54;2026-08-02 13:09:40;40;2026-08-02 13:15:43;41;2026-08-02 13:22:25;34;2026-08-02 13:26:08;48;2026-08-02 13:30:48;39;2026-08-02 13:37:19;33;2026-08-02 13:45:44;240;2026-08-02 14:02:20
sfr;7E 32 56 D9 EC 59 02 E0 ;23;"Гайдар Иван";"1";OK;"92 б. за 2:10:37";241;2026-08-02 12:15:17;241;2026-08-02 12:15:17;56;2026-08-02 12:18:10;79;2026-08-02 12:22:25;67;2026-08-02 12:24:46;59;2026-08-02 12:31:47;54;2026-08-02 12:34:54;53;2026-08-02 12:40:29;46;2026-08-02 12:45:04;49;2026-08-02 12:50:17;71;2026-08-02 12:56:11;61;2026-08-02 13:03:26;82;2026-08-02 13:07:45;31;2026-08-02 13:13:39;111;2026-08-02 13:23:40;64;2026-08-02 13:29:52;42;2026-08-02 13:40:23;62;2026-08-02 13:46:53;240;2026-08-02 14:25:54
sfr;81 34 56 D9 EC 59 02 E0 ;37;"Некрасова Наталья";"1";OK;"89 б. за 3:26:04";241;2026-08-02 12:15:38;241;2026-08-02 12:15:38;56;2026-08-02 12:24:11;79;2026-08-02 12:34:20;67;2026-08-02 12:40:35;71;2026-08-02 12:55:28;82;2026-08-02 13:03:29;31;2026-08-02 13:13:29;42;2026-08-02 13:23:24;87;2026-08-02 13:39:32;86;2026-08-02 13:58:03;69;2026-08-02 14:04:37;62;2026-08-02 14:24:30;64;2026-08-02 14:39:03;61;2026-08-02 14:59:57;49;2026-08-02 15:09:33;53;2026-08-02 15:17:16;240;2026-08-02 15:41:42
sfr;44 2B 56 D9 EC 59 02 E0 ;105;"Мелихов Тимофей";"1";OK;"155 б. за 3:46:06";241;2026-08-02 12:02:23;241;2026-08-02 12:02:23;56;2026-08-02 12:07:20;79;2026-08-02 12:13:13;67;2026-08-02 12:20:02;46;2026-08-02 12:25:51;49;2026-08-02 12:30:39;71;2026-08-02 12:34:21;82;2026-08-02 12:37:20;70;2026-08-02 12:49:57;91;2026-08-02 12:55:39;74;2026-08-02 13:02:54;69;2026-08-02 13:10:24;86;2026-08-02 13:20:42;89;2026-08-02 13:25:05;95;2026-08-02 13:49:44;90;2026-08-02 13:58:58;87;2026-08-02 14:08:52;83;2026-08-02 14:17:44;77;2026-08-02 14:23:51;62;2026-08-02 14:33:25;92;2026-08-02 14:50:33;42;2026-08-02 15:11:36;64;2026-08-02 15:18:23;31;2026-08-02 15:23:21;240;2026-08-02 15:48:29
sfr;67 2F 56 D9 EC 59 02 E0 ;108;"Рыльцев Игорь";"1";OK;"213 б. за 3:49:16";241;2026-08-02 12:15:20;241;2026-08-02 12:15:20;56;2026-08-02 12:18:50;67;2026-08-02 12:23:38;79;2026-08-02 12:27:44;46;2026-08-02 12:33:40;49;2026-08-02 12:37:11;71;2026-08-02 12:40:05;82;2026-08-02 12:42:42;31;2026-08-02 12:48:08;64;2026-08-02 12:53:45;111;2026-08-02 12:59:42;42;2026-08-02 13:05:41;62;2026-08-02 13:12:35;87;2026-08-02 13:17:44;77;2026-08-02 13:34:54;92;2026-08-02 13:38:41;83;2026-08-02 13:43:43;90;2026-08-02 13:48:18;95;2026-08-02 13:54:47;89;2026-08-02 14:00:13;86;2026-08-02 14:03:02;69;2026-08-02 14:07:25;74;2026-08-02 14:21:09;91;2026-08-02 14:32:24;61;2026-08-02 15:03:18;53;2026-08-02 15:10:59;59;2026-08-02 15:13:57;54;2026-08-02 15:16:10;93;2026-08-02 15:23:10;50;2026-08-02 15:34:23;60;2026-08-02 15:40:00;48;2026-08-02 15:46:46;39;2026-08-02 15:49:32;38;2026-08-02 15:52:37;35;2026-08-02 15:57:10;240;2026-08-02 16:04:36
sfr;54 47 28 16 00 00 07 E0 ;47;"Серебряков Сергей";"1";OK;"197 б. за 3:52:43";241;2026-08-02 12:08:11;241;2026-08-02 12:08:11;56;2026-08-02 12:12:23;79;2026-08-02 12:17:47;67;2026-08-02 12:21:34;71;2026-08-02 12:31:13;82;2026-08-02 12:35:52;31;2026-08-02 12:42:50;64;2026-08-02 12:48:18;42;2026-08-02 12:54:00;62;2026-08-02 13:01:06;77;2026-08-02 13:09:29;92;2026-08-02 13:17:56;83;2026-08-02 13:25:14;90;2026-08-02 13:33:49;95;2026-08-02 13:41:24;89;2026-08-02 13:46:45;86;2026-08-02 13:53:35;69;2026-08-02 13:59:18;91;2026-08-02 14:06:49;70;2026-08-02 14:13:15;61;2026-08-02 14:33:32;49;2026-08-02 14:42:06;53;2026-08-02 14:50:06;54;2026-08-02 14:57:06;40;2026-08-02 15:03:54;41;2026-08-02 15:09:48;34;2026-08-02 15:12:45;93;2026-08-02 15:17:52;45;2026-08-02 15:23:14;50;2026-08-02 15:27:58;60;2026-08-02 15:31:49;39;2026-08-02 15:38:51;38;2026-08-02 15:42:55;47;2026-08-02 15:51:06;240;2026-08-02 16:00:54
sfr;7D 35 CF 2A 00 00 07 E0 ;121;"Жестков Евгений";"1";OK;"221 б. за 3:53:47";241;2026-08-02 12:20:49;241;2026-08-02 12:20:49;56;2026-08-02 12:26:42;79;2026-08-02 12:35:42;67;2026-08-02 12:42:36;46;2026-08-02 12:47:45;71;2026-08-02 12:56:43;82;2026-08-02 13:00:28;31;2026-08-02 13:08:04;64;2026-08-02 13:14:52;111;2026-08-02 13:23:09;62;2026-08-02 13:31:36;77;2026-08-02 13:37:12;92;2026-08-02 13:43:50;83;2026-08-02 13:49:58;90;2026-08-02 13:56:31;95;2026-08-02 14:05:14;89;2026-08-02 14:12:13;86;2026-08-02 14:19:31;69;2026-08-02 14:26:28;74;2026-08-02 14:32:57;91;2026-08-02 14:36:43;70;2026-08-02 14:47:39;42;2026-08-02 14:51:18;61;2026-08-02 15:03:02;49;2026-08-02 15:12:36;53;2026-08-02 15:21:38;59;2026-08-02 15:25:45;54;2026-08-02 15:29:07;40;2026-08-02 15:33:18;41;2026-08-02 15:37:45;34;2026-08-02 15:41:41;48;2026-08-02 15:44:22;60;2026-08-02 15:47:43;50;2026-08-02 15:50:37;45;2026-08-02 15:56:55;93;2026-08-02 16:00:35;39;2026-08-02 16:08:43;240;2026-08-02 16:14:36
sfr;46 21 56 D9 EC 59 02 E0 ;122;"Константин Трофимов";"1";OK;"221 б. за 3:53:49";241;2026-08-02 12:20:45;241;2026-08-02 12:20:45;56;2026-08-02 12:26:43;79;2026-08-02 12:35:36;67;2026-08-02 12:42:33;46;2026-08-02 12:47:42;71;2026-08-02 12:56:45;82;2026-08-02 13:00:24;31;2026-08-02 13:08:03;64;2026-08-02 13:14:53;111;2026-08-02 13:23:13;62;2026-08-02 13:31:34;77;2026-08-02 13:37:14;92;2026-08-02 13:43:53;83;2026-08-02 13:50:01;90;2026-08-02 13:56:33;95;2026-08-02 14:05:20;89;2026-08-02 14:12:14;86;2026-08-02 14:19:27;69;2026-08-02 14:26:36;74;2026-08-02 14:32:56;91;2026-08-02 14:36:40;70;2026-08-02 14:47:34;42;2026-08-02 14:51:15;61;2026-08-02 15:02:59;49;2026-08-02 15:12:33;53;2026-08-02 15:21:34;59;2026-08-02 15:25:47;54;2026-08-02 15:29:04;40;2026-08-02 15:33:14;41;2026-08-02 15:37:46;34;2026-08-02 15:41:37;48;2026-08-02 15:44:19;60;2026-08-02 15:47:42;50;2026-08-02 15:50:39;45;2026-08-02 15:56:57;93;2026-08-02 16:00:30;39;2026-08-02 16:08:46;240;2026-08-02 16:14:34
sfr;C8 95 6A 7F 00 24 02 E0 ;124;"Татьяна Павлова";"1";OK;"221 б. за 3:54:50";241;2026-08-02 12:20:39;241;2026-08-02 12:20:39;56;2026-08-02 12:27:08;79;2026-08-02 12:35:50;67;2026-08-02 12:42:49;46;2026-08-02 12:47:49;71;2026-08-02 12:56:36;82;2026-08-02 13:00:41;31;2026-08-02 13:08:36;64;2026-08-02 13:15:23;111;2026-08-02 13:22:52;62;2026-08-02 13:31:49;77;2026-08-02 13:37:50;92;2026-08-02 13:44:17;83;2026-08-02 13:50:17;90;2026-08-02 13:57:19;95;2026-08-02 14:05:46;89;2026-08-02 14:12:20;86;2026-08-02 14:20:00;69;2026-08-02 14:26:10;74;2026-08-02 14:33:12;91;2026-08-02 14:37:42;70;2026-08-02 14:47:56;42;2026-08-02 14:51:25;61;2026-08-02 15:03:47;49;2026-08-02 15:12:49;53;2026-08-02 15:22:11;59;2026-08-02 15:25:44;54;2026-08-02 15:29:24;40;2026-08-02 15:33:27;41;2026-08-02 15:37:56;34;2026-08-02 15:41:56;48;2026-08-02 15:44:36;60;2026-08-02 15:47:53;50;2026-08-02 15:50:47;45;2026-08-02 15:57:03;93;2026-08-02 16:00:40;39;2026-08-02 16:08:56;240;2026-08-02 16:15:29
sfr;4D 34 CF 2A 00 00 07 E0 ;123;"Калугина Александра";"1";OK;"221 б. за 3:54:52";241;2026-08-02 12:20:36;241;2026-08-02 12:20:36;56;2026-08-02 12:27:18;79;2026-08-02 12:36:03;67;2026-08-02 12:43:02;46;2026-08-02 12:47:47;71;2026-08-02 12:56:41;82;2026-08-02 13:00:58;31;2026-08-02 13:08:38;64;2026-08-02 13:15:20;111;2026-08-02 13:23:05;62;2026-08-02 13:31:46;77;2026-08-02 13:37:46;92;2026-08-02 13:44:15;83;2026-08-02 13:50:13;90;2026-08-02 13:57:34;95;2026-08-02 14:05:49;89;2026-08-02 14:12:19;86;2026-08-02 14:20:09;69;2026-08-02 14:26:20;74;2026-08-02 14:33:10;91;2026-08-02 14:37:37;70;2026-08-02 14:47:53;42;2026-08-02 14:51:33;61;2026-08-02 15:03:43;49;2026-08-02 15:12:46;53;2026-08-02 15:22:15;59;2026-08-02 15:25:42;54;2026-08-02 15:29:17;40;2026-08-02 15:33:23;41;2026-08-02 15:37:52;34;2026-08-02 15:41:47;48;2026-08-02 15:44:41;60;2026-08-02 15:47:59;50;2026-08-02 15:50:55;45;2026-08-02 15:57:05;93;2026-08-02 16:00:50;39;2026-08-02 16:09:00;240;2026-08-02 16:15:28
sfr;52 2F 56 D9 EC 59 02 E0 ;59;"Черная Зоя";"1";OK;"214 б. за 3:56:26";241;2026-08-02 12:08:33;241;2026-08-02 12:08:33;56;2026-08-02 12:12:31;79;2026-08-02 12:20:48;67;2026-08-02 12:24:33;46;2026-08-02 12:28:53;71;2026-08-02 12:36:47;82;2026-08-02 12:42:06;70;2026-08-02 12:53:56;91;2026-08-02 12:59:00;74;2026-08-02 13:03:02;69;2026-08-02 13:10:26;87;2026-08-02 13:16:42;86;2026-08-02 13:27:13;89;2026-08-02 13:32:02;95;2026-08-02 13:39:08;90;2026-08-02 13:45:34;83;2026-08-02 13:51:55;92;2026-08-02 13:59:06;77;2026-08-02 14:07:58;62;2026-08-02 14:19:24;111;2026-08-02 14:33:13;42;2026-08-02 14:43:08;64;2026-08-02 14:49:22;31;2026-08-02 14:55:36;61;2026-08-02 15:05:04;49;2026-08-02 15:12:21;53;2026-08-02 15:18:29;59;2026-08-02 15:23:21;54;2026-08-02 15:28:07;40;2026-08-02 15:33:31;41;2026-08-02 15:39:16;34;2026-08-02 15:41:34;93;2026-08-02 15:45:16;48;2026-08-02 15:52:20;39;2026-08-02 15:57:12;240;2026-08-02 16:04:59
sfr;48 2F 56 D9 EC 59 02 E0 ;110;"Соколова Юлия";"1";OK;"60 б. за 1:56:25";241;2026-08-02 12:04:17;241;2026-08-02 12:04:17;37;2026-08-02 12:14:20;55;2026-08-02 12:21:33;84;2026-08-02 12:45:08;78;2026-08-02 12:48:45;75;2026-08-02 13:03:59;20;2026-08-02 13:05:57;97;2026-08-02 13:15:16;58;2026-08-02 13:22:29;81;2026-08-02 13:38:33;68;2026-08-02 13:48:02;240;2026-08-02 14:00:42
sfr;5D 25 22 AC 6A 24 02 E0 ;1;"Ганичев Павел";"1";OK;"198 б. за 2:10:00";241;2026-08-02 12:22:31;241;2026-08-02 12:22:31;56;2026-08-02 12:25:26;52;2026-08-02 12:28:52;59;2026-08-02 12:32:01;53;2026-08-02 12:34:32;49;2026-08-02 12:37:36;71;2026-08-02 12:40:37;61;2026-08-02 12:44:23;82;2026-08-02 12:47:02;70;2026-08-02 12:54:16;91;2026-08-02 12:57:08;74;2026-08-02 12:59:57;69;2026-08-02 13:05:13;86;2026-08-02 13:08:31;89;2026-08-02 13:12:10;95;2026-08-02 13:16:14;90;2026-08-02 13:20:29;83;2026-08-02 13:24:51;92;2026-08-02 13:29:15;20;2026-08-02 13:41:37;97;2026-08-02 13:43:36;75;2026-08-02 13:45:51;110;2026-08-02 13:50:22;58;2026-08-02 13:55:24;81;2026-08-02 13:58:52;68;2026-08-02 14:03:58;51;2026-08-02 14:07:48;63;2026-08-02 14:12:50;55;2026-08-02 14:14:58;57;2026-08-02 14:20:01;43;2026-08-02 14:24:14;240;2026-08-02 14:32:31
sfr;36 2A 56 D9 EC 59 02 E0 ;167;"Решетова Наталья";"1";OK;"123 б. за 3:41:16";241;2026-08-02 12:05:43;241;2026-08-02 12:05:43;65;2026-08-02 12:19:23;130;2026-08-02 12:32:52;43;2026-08-02 12:54:07;57;2026-08-02 13:03:06;63;2026-08-02 13:13:34;55;2026-08-02 13:20:47;51;2026-08-02 13:42:04;84;2026-08-02 13:54:37;78;2026-08-02 14:02:25;75;2026-08-02 14:24:45;20;2026-08-02 14:26:35;92;2026-08-02 14:30:57;96;2026-08-02 14:51:33;94;2026-08-02 14:57:16;85;2026-08-02 15:08:57;76;2026-08-02 15:17:50;67;2026-08-02 15:29:15;79;2026-08-02 15:35:57;240;2026-08-02 15:46:59
sfr;CF B2 47 17 03 24 02 E0 ;118;"Чернышева Виктория";"1";OK;"133 б. за 3:50:29";241;2026-08-02 12:04:37;241;2026-08-02 12:04:37;43;2026-08-02 12:14:19;57;2026-08-02 12:17:25;63;2026-08-02 12:21:51;68;2026-08-02 12:29:54;81;2026-08-02 12:37:33;58;2026-08-02 12:40:30;78;2026-08-02 12:48:32;84;2026-08-02 12:52:40;110;2026-08-02 13:07:12;20;2026-08-02 13:18:03;75;2026-08-02 13:19:37;97;2026-08-02 13:39:13;51;2026-08-02 13:47:27;55;2026-08-02 13:53:08;37;2026-08-02 13:57:45;76;2026-08-02 14:06:37;112;2026-08-02 14:17:16;85;2026-08-02 14:59:32;73;2026-08-02 15:16:10;96;2026-08-02 15:24:23;240;2026-08-02 15:55:06
sfr;B8 0A DF 16 03 24 02 E0 ;117;"Андрианова Анастасия";"1";OK;"133 б. за 3:50:36";241;2026-08-02 12:04:36;241;2026-08-02 12:04:36;43;2026-08-02 12:14:29;57;2026-08-02 12:17:32;63;2026-08-02 12:21:59;68;2026-08-02 12:29:58;81;2026-08-02 12:37:34;58;2026-08-02 12:40:36;78;2026-08-02 12:48:41;84;2026-08-02 12:52:43;110;2026-08-02 13:07:16;20;2026-08-02 13:18:05;75;2026-08-02 13:19:36;97;2026-08-02 13:39:14;51;2026-08-02 13:47:28;55;2026-08-02 13:53:09;37;2026-08-02 13:57:48;76;2026-08-02 14:06:39;112;2026-08-02 14:17:18;85;2026-08-02 14:59:33;73;2026-08-02 15:16:11;96;2026-08-02 15:24:30;240;2026-08-02 15:55:12
sfr;48 31 56 D9 EC 59 02 E0 ;144;"Бондаренко Владимир";"1";OK;"183 б. за 3:57:24";241;2026-08-02 12:02:47;241;2026-08-02 12:02:47;65;2026-08-02 12:13:00;101;2026-08-02 12:20:31;121;2026-08-02 12:36:24;130;2026-08-02 12:40:40;43;2026-08-02 12:49:45;57;2026-08-02 12:56:49;63;2026-08-02 13:13:45;55;2026-08-02 13:21:13;51;2026-08-02 13:42:36;68;2026-08-02 13:52:41;81;2026-08-02 14:00:41;58;2026-08-02 14:04:38;110;2026-08-02 14:11:08;84;2026-08-02 14:15:46;78;2026-08-02 14:22:52;94;2026-08-02 14:24:59;75;2026-08-02 14:39:07;20;2026-08-02 14:40:35;97;2026-08-02 14:44:11;92;2026-08-02 14:52:43;96;2026-08-02 15:07:29;77;2026-08-02 15:16:55;62;2026-08-02 15:23:10;73;2026-08-02 15:38:34;79;2026-08-02 15:51:59;240;2026-08-02 16:00:11
sfr;8C 30 56 D9 EC 59 02 E0 ;49;"Сметана Станислав";"1";OK;"227 б. за 4:00:40
Штраф: 3";241;2026-08-02 12:04:57;241;2026-08-02 12:04:57;56;2026-08-02 12:09:13;79;2026-08-02 12:14:00;67;2026-08-02 12:17:19;46;2026-08-02 12:23:28;71;2026-08-02 12:29:36;82;2026-08-02 12:34:08;31;2026-08-02 12:41:09;64;2026-08-02 12:46:50;111;2026-08-02 12:55:08;62;2026-08-02 13:06:05;42;2026-08-02 13:12:19;70;2026-08-02 13:17:00;91;2026-08-02 13:22:39;74;2026-08-02 13:27:33;69;2026-08-02 13:35:30;87;2026-08-02 13:42:19;83;2026-08-02 13:53:03;90;2026-08-02 13:59:45;92;2026-08-02 14:06:43;20;2026-08-02 14:13:54;75;2026-08-02 14:15:07;97;2026-08-02 14:19:58;110;2026-08-02 14:29:35;84;2026-08-02 14:34:56;78;2026-08-02 14:39:06;94;2026-08-02 14:42:05;96;2026-08-02 14:47:24;103;2026-08-02 14:57:43;73;2026-08-02 15:12:30;76;2026-08-02 15:20:14;112;2026-08-02 15:37:19;37;2026-08-02 15:52:16;240;2026-08-02 16:05:37
sfr;DD 34 CF 2A 00 00 07 E0 ;111;"Соломеннова Анастасия";"1";OK;"302 б. за 4:01:38
Штраф: 6";241;2026-08-02 12:26:27;241;2026-08-02 12:26:27;56;2026-08-02 12:30:32;79;2026-08-02 12:35:26;67;2026-08-02 12:38:02;46;2026-08-02 12:42:44;71;2026-08-02 12:45:39;82;2026-08-02 12:48:27;31;2026-08-02 12:52:36;64;2026-08-02 12:55:41;111;2026-08-02 13:00:42;42;2026-08-02 13:05:35;62;2026-08-02 13:08:21;87;2026-08-02 13:12:52;77;2026-08-02 13:17:16;92;2026-08-02 13:21:30;83;2026-08-02 13:24:58;90;2026-08-02 13:28:53;95;2026-08-02 13:33:47;89;2026-08-02 13:36:51;86;2026-08-02 13:41:32;69;2026-08-02 13:46:21;74;2026-08-02 13:51:02;91;2026-08-02 13:53:40;70;2026-08-02 13:57:42;61;2026-08-02 14:06:48;49;2026-08-02 14:09:52;53;2026-08-02 14:12:30;59;2026-08-02 14:16:54;54;2026-08-02 14:18:57;40;2026-08-02 14:22:17;52;2026-08-02 14:25:02;33;2026-08-02 14:28:35;35;2026-08-02 14:32:34;43;2026-08-02 14:41:25;57;2026-08-02 14:47:18;63;2026-08-02 14:54:37;68;2026-08-02 15:00:24;81;2026-08-02 15:07:38;58;2026-08-02 15:10:57;20;2026-08-02 15:13:28;75;2026-08-02 15:17:22;97;2026-08-02 15:21:21;110;2026-08-02 15:27:31;78;2026-08-02 15:34:20;84;2026-08-02 15:41:08;51;2026-08-02 15:51:54;37;2026-08-02 15:58:53;47;2026-08-02 16:08:55;65;2026-08-02 16:13:25;101;2026-08-02 16:18:27;240;2026-08-02 16:28:05
sfr;52 2E 56 D9 EC 59 02 E0 ;101;"Иванов Дмитрий";"1";OK;"319 б. за 4:03:47
Штраф: 12";241;2026-08-02 12:19:43;241;2026-08-02 12:19:43;56;2026-08-02 12:23:13;79;2026-08-02 12:27:34;67;2026-08-02 12:29:48;46;2026-08-02 12:32:17;71;2026-08-02 12:36:14;82;2026-08-02 12:38:31;31;2026-08-02 12:42:35;64;2026-08-02 12:45:18;42;2026-08-02 12:48:27;111;2026-08-02 12:53:35;62;2026-08-02 13:12:40;87;2026-08-02 13:16:17;77;2026-08-02 13:21:17;92;2026-08-02 13:24:46;83;2026-08-02 13:28:34;90;2026-08-02 13:33:03;95;2026-08-02 13:36:47;89;2026-08-02 13:41:13;86;2026-08-02 13:43:52;69;2026-08-02 13:48:16;74;2026-08-02 13:52:36;91;2026-08-02 13:56:26;70;2026-08-02 13:59:54;61;2026-08-02 14:06:43;49;2026-08-02 14:10:13;53;2026-08-02 14:12:50;59;2026-08-02 14:15:52;54;2026-08-02 14:19:41;40;2026-08-02 14:23:04;52;2026-08-02 14:26:30;33;2026-08-02 14:28:24;35;2026-08-02 14:32:30;38;2026-08-02 14:35:09;39;2026-08-02 14:37:31;60;2026-08-02 14:41:09;50;2026-08-02 14:43:34;45;2026-08-02 14:46:26;48;2026-08-02 14:49:24;41;2026-08-02 14:51:57;34;2026-08-02 14:54:21;93;2026-08-02 14:58:35;30;2026-08-02 15:01:23;72;2026-08-02 15:03:53;88;2026-08-02 15:06:22;32;2026-08-02 15:10:54;66;2026-08-02 15:14:12;44;2026-08-02 15:17:49;36;2026-08-02 15:20:08;101;2026-08-02 15:26:16;65;2026-08-02 15:29:45;47;2026-08-02 15:33:34;63;2026-08-02 15:43:03;68;2026-08-02 15:48:57;81;2026-08-02 15:59:52;58;2026-08-02 16:05:15;20;2026-08-02 16:09:25;75;2026-08-02 16:12:42;240;2026-08-02 16:23:30
sfr;52 2D 56 D9 EC 59 02 E0 ;204;"Мяльдзин Антон";"1";OK;"37 б. за 1:47:44";241;2026-08-02 12:11:18;241;2026-08-02 12:11:18;35;2026-08-02 12:25:54;38;2026-08-02 12:34:35;39;2026-08-02 12:49:06;41;2026-08-02 13:06:03;34;2026-08-02 13:09:32;40;2026-08-02 13:22:38;52;2026-08-02 13:31:08;79;2026-08-02 13:45:05;56;2026-08-02 13:52:56;240;2026-08-02 13:59:02
sfr;75 6A 47 4C 20 5A 02 E0 ;203;"Мяльдзина Евгения";"1";OK;"37 б. за 1:47:46";241;2026-08-02 12:11:15;241;2026-08-02 12:11:15;35;2026-08-02 12:25:51;38;2026-08-02 12:34:29;39;2026-08-02 12:49:02;41;2026-08-02 13:06:04;34;2026-08-02 13:09:24;40;2026-08-02 13:22:37;52;2026-08-02 13:31:11;79;2026-08-02 13:44:59;56;2026-08-02 13:52:54;240;2026-08-02 13:59:01
sfr;68 2B 56 D9 EC 59 02 E0 ;215;"Науменко Лиза";"1";OK;"55 б. за 1:57:29";241;2026-08-02 12:12:01;241;2026-08-02 12:12:01;35;2026-08-02 12:19:37;38;2026-08-02 12:24:58;60;2026-08-02 12:34:43;48;2026-08-02 12:44:36;34;2026-08-02 12:53:30;41;2026-08-02 12:58:09;54;2026-08-02 13:11:54;59;2026-08-02 13:20:36;59;2026-08-02 13:21:26;46;2026-08-02 13:31:24;67;2026-08-02 13:45:48;79;2026-08-02 13:53:33;79;2026-08-02 13:54:17;56;2026-08-02 14:03:49;240;2026-08-02 14:09:30
sfr;68 30 56 D9 EC 59 02 E0 ;216;"Брюхатов Михаил";"1";OK;"55 б. за 1:57:35";241;2026-08-02 12:12:07;241;2026-08-02 12:12:07;35;2026-08-02 12:19:45;38;2026-08-02 12:25:00;60;2026-08-02 12:34:57;48;2026-08-02 12:44:45;34;2026-08-02 12:53:29;41;2026-08-02 12:58:22;54;2026-08-02 13:13:00;59;2026-08-02 13:21:09;46;2026-08-02 13:31:20;67;2026-08-02 13:46:00;79;2026-08-02 13:53:40;56;2026-08-02 14:04:21;240;2026-08-02 14:09:42
sfr;8E 2E 56 D9 EC 59 02 E0 ;222;"Гаджиев Максим";"1";OK;"44 б. за 2:02:22";241;2026-08-02 13:17:41;241;2026-08-02 13:17:41;43;2026-08-02 13:31:08;130;2026-08-02 13:48:22;57;2026-08-02 14:18:39;63;2026-08-02 14:30:54;55;2026-08-02 14:36:09;112;2026-08-02 14:59:14;240;2026-08-02 15:20:03
sfr;5C 38 04 2C 00 00 07 E0 ;3;"Гундоров Сергей";"1";OK;"75 б. за 2:09:57";241;2026-08-02 12:03:39;241;2026-08-02 12:03:39;43;2026-08-02 12:14:39;57;2026-08-02 12:19:07;63;2026-08-02 12:24:59;68;2026-08-02 12:46:05;81;2026-08-02 12:52:32;58;2026-08-02 12:56:39;84;2026-08-02 13:09:48;78;2026-08-02 13:14:27;94;2026-08-02 13:17:33;103;2026-08-02 13:37:39;73;2026-08-02 13:43:16;240;2026-08-02 14:13:36
sfr;45 04 16 33 01 24 02 E0 ;187;"Мартынов Алексей";"1";OK;"75 б. за 2:36:12";241;2026-08-02 12:04:31;241;2026-08-02 12:04:31;37;2026-08-02 12:19:12;76;2026-08-02 12:39:42;73;2026-08-02 12:57:07;103;2026-08-02 13:10:56;96;2026-08-02 13:21:44;94;2026-08-02 13:28:28;78;2026-08-02 13:32:19;84;2026-08-02 13:39:54;58;2026-08-02 13:51:14;51;2026-08-02 14:05:00;55;2026-08-02 14:17:43;240;2026-08-02 14:40:43
sfr;A5 6C 52 33 01 24 02 E0 ;188;"Мартынов Александр";"1";OK;"75 б. за 2:36:13";241;2026-08-02 12:04:28;241;2026-08-02 12:04:28;37;2026-08-02 12:19:21;76;2026-08-02 12:39:46;73;2026-08-02 12:57:12;103;2026-08-02 13:11:01;96;2026-08-02 13:21:50;94;2026-08-02 13:28:06;78;2026-08-02 13:32:25;84;2026-08-02 13:39:59;58;2026-08-02 13:51:16;51;2026-08-02 14:05:03;55;2026-08-02 14:17:52;240;2026-08-02 14:40:41
sfr;68 38 CF 2A 00 00 07 E0 ;169;"Рукленко Роман";"1";OK;"168 б. за 3:51:48";241;2026-08-02 12:05:24;241;2026-08-02 12:05:24;43;2026-08-02 12:12:24;130;2026-08-02 12:23:23;121;2026-08-02 12:33:29;101;2026-08-02 12:41:30;65;2026-08-02 12:46:42;57;2026-08-02 13:03:25;63;2026-08-02 13:14:33;55;2026-08-02 13:25:16;51;2026-08-02 13:44:15;68;2026-08-02 14:00:16;81;2026-08-02 14:11:42;58;2026-08-02 14:21:11;110;2026-08-02 14:36:11;84;2026-08-02 14:41:52;78;2026-08-02 14:49:26;94;2026-08-02 14:51:33;85;2026-08-02 15:03:35;76;2026-08-02 15:11:50;111;2026-08-02 15:28:51;102;2026-08-02 15:32:12;79;2026-08-02 15:44:07;56;2026-08-02 15:54:03;240;2026-08-02 15:57:12
sfr;5E 27 56 D9 EC 59 02 E0 ;211;"Кочетков Игорь";"1";OK;"317 б. за 4:02:28
Штраф: 9";241;2026-08-02 12:15:46;241;2026-08-02 12:15:46;56;2026-08-02 12:18:54;79;2026-08-02 12:22:37;67;2026-08-02 12:25:15;46;2026-08-02 12:28:38;71;2026-08-02 12:31:52;82;2026-08-02 12:33:55;31;2026-08-02 12:40:59;64;2026-08-02 12:44:04;111;2026-08-02 12:50:00;62;2026-08-02 12:55:32;87;2026-08-02 12:59:54;83;2026-08-02 13:05:51;77;2026-08-02 13:08:48;92;2026-08-02 13:12:26;90;2026-08-02 13:19:05;95;2026-08-02 13:26:31;89;2026-08-02 13:28:44;86;2026-08-02 13:31:24;69;2026-08-02 13:35:03;74;2026-08-02 13:39:35;91;2026-08-02 13:42:58;70;2026-08-02 13:53:47;42;2026-08-02 13:56:32;61;2026-08-02 14:10:13;49;2026-08-02 14:13:49;53;2026-08-02 14:17:07;59;2026-08-02 14:20:58;54;2026-08-02 14:23:27;40;2026-08-02 14:26:13;41;2026-08-02 14:30:32;34;2026-08-02 14:31:54;48;2026-08-02 14:33:53;60;2026-08-02 14:35:54;50;2026-08-02 14:37:11;45;2026-08-02 14:38:55;93;2026-08-02 14:41:13;30;2026-08-02 14:44:25;72;2026-08-02 14:46:28;88;2026-08-02 14:48:12;32;2026-08-02 14:51:15;66;2026-08-02 14:53:48;44;2026-08-02 15:01:42;36;2026-08-02 15:03:57;101;2026-08-02 15:11:55;65;2026-08-02 15:16:18;47;2026-08-02 15:21:22;63;2026-08-02 15:32:52;68;2026-08-02 15:41:14;81;2026-08-02 15:48:47;58;2026-08-02 15:53:40;110;2026-08-02 15:58:21;51;2026-08-02 16:07:04;55;2026-08-02 16:11:49;240;2026-08-02 16:18:14
sfr;68 28 56 D9 EC 59 02 E0 ;132;"Горбачев Максим";"1";OK;"243 б. за 4:02:54
Штраф: 9";241;2026-08-02 12:23:21;241;2026-08-02 12:23:21;35;2026-08-02 12:29:33;47;2026-08-02 12:34:08;65;2026-08-02 12:37:54;101;2026-08-02 12:42:38;36;2026-08-02 12:59:32;44;2026-08-02 13:04:45;66;2026-08-02 13:09:34;32;2026-08-02 13:12:15;88;2026-08-02 13:15:55;72;2026-08-02 13:19:18;30;2026-08-02 13:22:56;93;2026-08-02 13:26:48;45;2026-08-02 13:30:21;50;2026-08-02 13:32:26;60;2026-08-02 13:33:59;48;2026-08-02 13:37:42;34;2026-08-02 13:39:55;41;2026-08-02 13:41:38;40;2026-08-02 13:48:32;54;2026-08-02 13:54:22;59;2026-08-02 13:59:12;53;2026-08-02 14:03:37;49;2026-08-02 14:06:46;61;2026-08-02 14:11:37;31;2026-08-02 14:23:39;64;2026-08-02 14:28:14;42;2026-08-02 14:36:03;111;2026-08-02 14:41:45;62;2026-08-02 14:50:09;77;2026-08-02 14:55:57;92;2026-08-02 15:00:56;83;2026-08-02 15:05:38;90;2026-08-02 15:11:17;95;2026-08-02 15:19:28;89;2026-08-02 15:41:55;86;2026-08-02 15:47:49;69;2026-08-02 15:51:51;91;2026-08-02 15:58:04;82;2026-08-02 16:07:12;71;2026-08-02 16:10:25;67;2026-08-02 16:16:11;79;2026-08-02 16:19:38;240;2026-08-02 16:26:15
sfr;44 2A 56 D9 EC 59 02 E0 ;131;"Переведенцев Роман";"1";OK;"243 б. за 4:02:58
Штраф: 9";241;2026-08-02 12:23:19;241;2026-08-02 12:23:19;35;2026-08-02 12:29:26;47;2026-08-02 12:34:03;65;2026-08-02 12:38:02;101;2026-08-02 12:42:40;36;2026-08-02 12:59:37;44;2026-08-02 13:05:34;66;2026-08-02 13:09:31;32;2026-08-02 13:11:55;88;2026-08-02 13:15:41;72;2026-08-02 13:19:26;30;2026-08-02 13:22:54;93;2026-08-02 13:26:51;45;2026-08-02 13:30:14;50;2026-08-02 13:32:19;60;2026-08-02 13:34:09;48;2026-08-02 13:37:43;34;2026-08-02 13:39:53;41;2026-08-02 13:42:13;40;2026-08-02 13:48:22;54;2026-08-02 13:54:17;59;2026-08-02 13:59:13;53;2026-08-02 14:03:46;49;2026-08-02 14:07:01;61;2026-08-02 14:11:43;31;2026-08-02 14:23:06;64;2026-08-02 14:28:28;42;2026-08-02 14:36:10;111;2026-08-02 14:41:47;62;2026-08-02 14:50:14;77;2026-08-02 14:55:50;92;2026-08-02 15:00:51;83;2026-08-02 15:05:23;90;2026-08-02 15:10:51;95;2026-08-02 15:19:33;89;2026-08-02 15:41:47;86;2026-08-02 15:47:25;69;2026-08-02 15:52:01;91;2026-08-02 15:58:03;82;2026-08-02 16:07:04;71;2026-08-02 16:10:19;67;2026-08-02 16:16:12;79;2026-08-02 16:19:37;240;2026-08-02 16:26:17
sfr;52 31 56 D9 EC 59 02 E0 ;75;"Михейчев Игорь";"1";OK;"269 б. за 4:03:57
Штраф: 12";241;2026-08-02 12:04:11;241;2026-08-02 12:04:11;56;2026-08-02 12:07:03;79;2026-08-02 12:11:12;67;2026-08-02 12:13:47;46;2026-08-02 12:19:05;49;2026-08-02 12:24:23;71;2026-08-02 12:27:46;61;2026-08-02 12:32:20;82;2026-08-02 12:35:21;31;2026-08-02 12:40:03;111;2026-08-02 12:46:56;62;2026-08-02 12:56:14;42;2026-08-02 13:01:20;64;2026-08-02 13:05:42;70;2026-08-02 13:10:53;91;2026-08-02 13:13:56;74;2026-08-02 13:17:31;69;2026-08-02 13:23:11;86;2026-08-02 13:26:38;89;2026-08-02 13:29:47;95;2026-08-02 13:34:44;87;2026-08-02 13:42:03;77;2026-08-02 13:49:28;92;2026-08-02 13:56:19;90;2026-08-02 14:01:39;83;2026-08-02 14:06:01;20;2026-08-02 14:21:13;75;2026-08-02 14:22:08;97;2026-08-02 14:26:10;110;2026-08-02 14:37:48;78;2026-08-02 14:42:52;84;2026-08-02 14:46:05;58;2026-08-02 14:51:11;81;2026-08-02 14:55:06;68;2026-08-02 15:01:44;51;2026-08-02 15:08:04;63;2026-08-02 15:15:42;55;2026-08-02 15:18:20;57;2026-08-02 15:24:22;43;2026-08-02 15:30:17;37;2026-08-02 15:35:22;76;2026-08-02 15:45:07;112;2026-08-02 15:50:32;240;2026-08-02 16:08:08
sfr;89 2E 56 D9 EC 59 02 E0 ;74;"Лякишев Андрей";"1";OK;"269 б. за 4:03:57
Штраф: 12";241;2026-08-02 12:04:13;241;2026-08-02 12:04:13;56;2026-08-02 12:07:06;79;2026-08-02 12:11:19;67;2026-08-02 12:13:45;46;2026-08-02 12:19:06;49;2026-08-02 12:24:21;71;2026-08-02 12:27:50;61;2026-08-02 12:32:22;82;2026-08-02 12:35:17;31;2026-08-02 12:40:02;111;2026-08-02 12:46:55;62;2026-08-02 12:56:13;42;2026-08-02 13:01:22;64;2026-08-02 13:05:49;70;2026-08-02 13:10:54;91;2026-08-02 13:13:54;74;2026-08-02 13:17:33;69;2026-08-02 13:23:13;86;2026-08-02 13:26:35;89;2026-08-02 13:29:46;95;2026-08-02 13:34:42;87;2026-08-02 13:42:05;77;2026-08-02 13:49:30;92;2026-08-02 13:56:17;90;2026-08-02 14:01:36;83;2026-08-02 14:05:59;20;2026-08-02 14:21:16;75;2026-08-02 14:22:15;97;2026-08-02 14:26:08;110;2026-08-02 14:37:44;78;2026-08-02 14:42:51;84;2026-08-02 14:46:06;58;2026-08-02 14:51:07;81;2026-08-02 14:55:09;68;2026-08-02 15:01:46;51;2026-08-02 15:08:02;63;2026-08-02 15:15:41;55;2026-08-02 15:18:18;57;2026-08-02 15:24:18;43;2026-08-02 15:30:31;37;2026-08-02 15:35:18;76;2026-08-02 15:45:11;112;2026-08-02 15:50:40;240;2026-08-02 16:08:10
sfr;CD 76 C1 2B 00 00 07 E0 ;93;"Шеманина Екатерина";"1";OK;"184 б. за 4:04:07
Штраф: 15";241;2026-08-02 12:17:27;241;2026-08-02 12:17:27;43;2026-08-02 12:30:21;57;2026-08-02 12:37:08;63;2026-08-02 12:44:36;55;2026-08-02 12:55:00;37;2026-08-02 13:03:35;76;2026-08-02 13:16:57;85;2026-08-02 13:23:39;73;2026-08-02 13:35:04;103;2026-08-02 13:42:21;94;2026-08-02 13:53:00;78;2026-08-02 13:55:58;84;2026-08-02 14:01:20;110;2026-08-02 14:07:54;75;2026-08-02 14:17:34;20;2026-08-02 14:18:53;92;2026-08-02 14:24:18;90;2026-08-02 14:33:44;95;2026-08-02 14:42:51;89;2026-08-02 14:50:24;86;2026-08-02 14:57:03;69;2026-08-02 15:02:39;70;2026-08-02 15:12:26;31;2026-08-02 15:24:57;82;2026-08-02 15:33:41;71;2026-08-02 15:42:09;49;2026-08-02 15:48:09;46;2026-08-02 15:57:04;67;2026-08-02 16:03:51;79;2026-08-02 16:08:40;56;2026-08-02 16:16:39;240;2026-08-02 16:21:34
sfr;DB 76 C1 2B 00 00 07 E0 ;94;"Петрова Ксения";"1";OK;"184 б. за 4:04:09
Штраф: 15";241;2026-08-02 12:17:26;241;2026-08-02 12:17:26;43;2026-08-02 12:30:38;57;2026-08-02 12:37:21;63;2026-08-02 12:44:39;55;2026-08-02 12:54:58;37;2026-08-02 13:03:44;76;2026-08-02 13:16:58;85;2026-08-02 13:23:37;73;2026-08-02 13:35:06;103;2026-08-02 13:42:26;94;2026-08-02 13:53:02;78;2026-08-02 13:55:57;84;2026-08-02 14:01:23;110;2026-08-02 14:07:55;75;2026-08-02 14:17:47;20;2026-08-02 14:18:56;92;2026-08-02 14:24:16;90;2026-08-02 14:33:46;95;2026-08-02 14:42:53;89;2026-08-02 14:50:25;86;2026-08-02 14:57:05;69;2026-08-02 15:02:45;70;2026-08-02 15:12:27;31;2026-08-02 15:24:59;82;2026-08-02 15:33:58;71;2026-08-02 15:42:12;49;2026-08-02 15:48:13;46;2026-08-02 15:57:06;67;2026-08-02 16:03:49;79;2026-08-02 16:08:53;56;2026-08-02 16:16:42;240;2026-08-02 16:21:35
sfr;AB C2 2A 33 01 24 02 E0 ;35;"Маслов Алексей";"1";OK;"216 б. за 4:05:10
Штраф: 18";241;2026-08-02 12:23:02;241;2026-08-02 12:23:02;56;2026-08-02 12:27:01;33;2026-08-02 12:31:27;39;2026-08-02 12:35:55;38;2026-08-02 12:39:29;35;2026-08-02 12:44:52;47;2026-08-02 12:48:49;65;2026-08-02 12:54:35;101;2026-08-02 12:59:37;36;2026-08-02 13:10:39;44;2026-08-02 13:14:27;66;2026-08-02 13:21:03;50;2026-08-02 13:27:24;60;2026-08-02 13:30:20;48;2026-08-02 13:35:17;45;2026-08-02 13:40:55;93;2026-08-02 13:45:31;34;2026-08-02 13:49:02;41;2026-08-02 13:51:25;40;2026-08-02 13:56:06;54;2026-08-02 14:02:09;59;2026-08-02 14:06:21;53;2026-08-02 14:10:37;49;2026-08-02 14:16:04;71;2026-08-02 14:20:34;61;2026-08-02 14:26:54;82;2026-08-02 14:31:57;31;2026-08-02 14:38:33;64;2026-08-02 14:44:08;42;2026-08-02 14:50:03;62;2026-08-02 14:57:40;77;2026-08-02 15:03:49;83;2026-08-02 15:10:06;90;2026-08-02 15:18:15;92;2026-08-02 15:23:47;20;2026-08-02 15:36:13;75;2026-08-02 15:36:55;97;2026-08-02 15:40:10;58;2026-08-02 15:46:28;81;2026-08-02 15:50:27;68;2026-08-02 15:56:16;51;2026-08-02 16:01:50;55;2026-08-02 16:10:01;63;2026-08-02 16:14:23;240;2026-08-02 16:28:12
sfr;25 AD 53 03 00 00 07 E0 ;66;"Ежунова Светлана";"1";OK;"116 б. за 4:06:35
Штраф: 21";241;2026-08-02 12:11:13;241;2026-08-02 12:11:13;56;2026-08-02 12:17:38;79;2026-08-02 12:26:01;79;2026-08-02 12:26:40;67;2026-08-02 12:31:33;46;2026-08-02 12:39:09;49;2026-08-02 12:50:29;71;2026-08-02 12:59:35;82;2026-08-02 13:09:26;31;2026-08-02 13:21:22;64;2026-08-02 13:31:17;42;2026-08-02 13:41:18;69;2026-08-02 13:56:33;87;2026-08-02 14:12:55;77;2026-08-02 14:26:07;92;2026-08-02 14:37:28;20;2026-08-02 14:49:18;75;2026-08-02 14:51:23;110;2026-08-02 15:01:46;78;2026-08-02 15:10:54;94;2026-08-02 15:14:15;73;2026-08-02 15:33:51;76;2026-08-02 15:43:15;37;2026-08-02 16:01:27;240;2026-08-02 16:17:48
sfr;E1 A6 83 17 01 24 02 E0 ;67;"Рамазанов Василий";"1";OK;"116 б. за 4:06:39
Штраф: 21";241;2026-08-02 12:11:12;241;2026-08-02 12:11:12;56;2026-08-02 12:17:35;79;2026-08-02 12:26:37;67;2026-08-02 12:31:31;46;2026-08-02 12:39:13;49;2026-08-02 12:50:35;71;2026-08-02 12:59:30;82;2026-08-02 13:09:15;31;2026-08-02 13:21:24;64;2026-08-02 13:31:15;42;2026-08-02 13:41:20;69;2026-08-02 13:56:32;87;2026-08-02 14:13:00;77;2026-08-02 14:26:13;92;2026-08-02 14:37:25;20;2026-08-02 14:49:16;75;2026-08-02 14:51:19;110;2026-08-02 15:01:51;78;2026-08-02 15:10:51;94;2026-08-02 15:14:19;73;2026-08-02 15:34:00;76;2026-08-02 15:43:12;37;2026-08-02 16:01:26;240;2026-08-02 16:17:51
sfr;B9 29 63 CB 01 24 02 E0 ;61;"Яблочкова Светлана";"1";OK;"215 б. за 4:06:51
Штраф: 21";241;2026-08-02 12:26:42;241;2026-08-02 12:26:42;56;2026-08-02 12:30:52;67;2026-08-02 12:36:21;46;2026-08-02 12:42:00;71;2026-08-02 12:48:57;82;2026-08-02 12:57:38;31;2026-08-02 13:05:15;64;2026-08-02 13:09:46;111;2026-08-02 13:18:55;42;2026-08-02 13:28:57;70;2026-08-02 13:33:58;91;2026-08-02 13:38:46;74;2026-08-02 13:43:18;69;2026-08-02 13:50:55;86;2026-08-02 13:56:03;89;2026-08-02 14:00:38;95;2026-08-02 14:07:36;90;2026-08-02 14:13:44;83;2026-08-02 14:20:47;77;2026-08-02 14:27:39;92;2026-08-02 14:35:27;20;2026-08-02 14:51:03;75;2026-08-02 14:53:14;97;2026-08-02 14:57:16;58;2026-08-02 15:05:08;81;2026-08-02 15:12:10;110;2026-08-02 15:23:24;84;2026-08-02 15:29:01;78;2026-08-02 15:33:33;94;2026-08-02 15:35:53;96;2026-08-02 15:40:15;103;2026-08-02 15:54:44;73;2026-08-02 16:00:41;37;2026-08-02 16:22:51;240;2026-08-02 16:33:33
sfr;47 29 CF 2A 00 00 07 E0 ;24;"Димитров Борис";"1";OK;"119 б. за 4:09:13
Штраф: 30";241;2026-08-02 12:17:22;241;2026-08-02 12:17:22;56;2026-08-02 12:20:56;79;2026-08-02 12:25:44;67;2026-08-02 12:29:53;59;2026-08-02 12:35:09;54;2026-08-02 12:38:30;53;2026-08-02 12:42:50;49;2026-08-02 12:46:42;71;2026-08-02 12:50:15;61;2026-08-02 12:56:57;82;2026-08-02 13:00:26;64;2026-08-02 13:13:16;92;2026-08-02 14:15:40;20;2026-08-02 14:28:26;110;2026-08-02 14:45:26;103;2026-08-02 15:11:57;78;2026-08-02 15:23:48;84;2026-08-02 15:28:26;58;2026-08-02 15:34:33;81;2026-08-02 15:40:11;51;2026-08-02 15:52:23;63;2026-08-02 15:59:22;55;2026-08-02 16:01:53;57;2026-08-02 16:08:07;43;2026-08-02 16:13:58;240;2026-08-02 16:26:35
sfr;08 61 85 20 00 00 07 E0 ;51;"Степанова Наталья";"1";OK;"244 б. за 4:10:21
Штраф: 33";241;2026-08-02 12:30:13;241;2026-08-02 12:30:13;37;2026-08-02 12:39:38;76;2026-08-02 12:49:58;73;2026-08-02 12:55:51;103;2026-08-02 13:03:19;96;2026-08-02 13:13:36;94;2026-08-02 13:19:58;78;2026-08-02 13:22:41;84;2026-08-02 13:27:14;110;2026-08-02 13:32:04;75;2026-08-02 13:37:59;97;2026-08-02 13:43:24;20;2026-08-02 13:46:14;92;2026-08-02 13:59:40;83;2026-08-02 14:04:58;90;2026-08-02 14:10:39;95;2026-08-02 14:16:58;89;2026-08-02 14:21:25;86;2026-08-02 14:26:38;69;2026-08-02 14:32:02;91;2026-08-02 14:38:30;70;2026-08-02 14:43:47;31;2026-08-02 14:51:47;82;2026-08-02 14:57:53;61;2026-08-02 15:02:50;71;2026-08-02 15:08:25;49;2026-08-02 15:13:15;53;2026-08-02 15:18:33;54;2026-08-02 15:25:21;40;2026-08-02 15:29:23;41;2026-08-02 15:34:17;34;2026-08-02 15:36:40;93;2026-08-02 15:40:50;30;2026-08-02 15:45:41;72;2026-08-02 15:50:37;88;2026-08-02 15:54:01;32;2026-08-02 16:00:02;66;2026-08-02 16:04:00;50;2026-08-02 16:09:51;60;2026-08-02 16:12:39;38;2026-08-02 16:17:57;39;2026-08-02 16:21:13;33;2026-08-02 16:26:59;52;2026-08-02 16:30:40;56;2026-08-02 16:36:54;240;2026-08-02 16:40:34
sfr;73 2D 56 D9 EC 59 02 E0 ;39;"Петров Роман";"1";OK;"217 б. за 4:12:40
Штраф: 39";241;2026-08-02 12:04:05;241;2026-08-02 12:04:05;56;2026-08-02 12:08:45;79;2026-08-02 12:13:02;67;2026-08-02 12:15:04;46;2026-08-02 12:18:33;71;2026-08-02 12:24:09;82;2026-08-02 12:27:48;31;2026-08-02 12:34:21;64;2026-08-02 12:38:35;111;2026-08-02 12:45:37;62;2026-08-02 12:55:04;77;2026-08-02 13:00:21;92;2026-08-02 13:06:38;20;2026-08-02 13:15:37;75;2026-08-02 13:16:30;110;2026-08-02 13:25:18;97;2026-08-02 13:38:02;20;2026-08-02 13:40:04;92;2026-08-02 13:51:29;83;2026-08-02 13:56:39;90;2026-08-02 14:01:57;95;2026-08-02 14:07:32;89;2026-08-02 14:13:18;86;2026-08-02 14:17:56;87;2026-08-02 14:25:07;69;2026-08-02 14:34:50;74;2026-08-02 14:42:00;91;2026-08-02 14:46:46;70;2026-08-02 14:55:04;61;2026-08-02 15:07:21;49;2026-08-02 15:13:55;53;2026-08-02 15:18:54;59;2026-08-02 15:22:41;54;2026-08-02 15:27:48;40;2026-08-02 15:34:13;41;2026-08-02 15:38:49;34;2026-08-02 15:42:41;93;2026-08-02 15:46:30;45;2026-08-02 15:50:36;50;2026-08-02 15:55:07;60;2026-08-02 15:58:22;38;2026-08-02 16:03:04;39;2026-08-02 16:06:30;33;2026-08-02 16:10:41;240;2026-08-02 16:16:45
sfr;FC F6 16 18 01 24 02 E0 ;58;"Цветков Максим";"1";Превышение КВ;"420 б. за 28:15:19";241;2026-08-01 12:27:33;241;2026-08-01 12:27:33;35;2026-08-01 12:30:41;47;2026-08-01 12:32:59;65;2026-08-01 12:36:54;101;2026-08-01 12:39:14;36;2026-08-01 12:44:49;44;2026-08-01 12:46:37;66;2026-08-01 12:49:58;32;2026-08-01 12:51:28;88;2026-08-01 12:54:18;72;2026-08-01 12:56:08;30;2026-08-01 12:58:30;93;2026-08-01 13:00:55;45;2026-08-01 13:02:52;50;2026-08-01 13:04:51;60;2026-08-01 13:06:12;38;2026-08-01 13:08:38;39;2026-08-01 13:10:18;48;2026-08-01 13:12:58;34;2026-08-01 13:14:29;41;2026-08-01 13:15:41;40;2026-08-01 13:18:09;54;2026-08-01 13:21:10;53;2026-08-01 13:24:31;59;2026-08-01 13:26:50;52;2026-08-01 13:29:33;33;2026-08-01 13:31:47;56;2026-08-01 13:34:31;79;2026-08-01 13:37:33;67;2026-08-01 13:39:19;46;2026-08-01 13:41:53;49;2026-08-01 13:46:00;71;2026-08-01 13:48:40;61;2026-08-01 13:52:24;82;2026-08-01 13:54:57;31;2026-08-01 13:59:00;64;2026-08-01 14:02:05;111;2026-08-01 14:07:06;62;2026-08-01 14:13:07;42;2026-08-01 14:17:36;70;2026-08-01 14:21:56;91;2026-08-01 14:25:38;74;2026-08-01 14:28:22;69;2026-08-01 14:33:45;86;2026-08-01 14:39:32;89;2026-08-01 14:46:24;95;2026-08-01 14:50:11;87;2026-08-01 14:55:11;77;2026-08-01 15:00:42;83;2026-08-01 15:05:57;90;2026-08-01 15:11:04;92;2026-08-01 15:15:31;20;2026-08-01 15:30:35;75;2026-08-01 15:31:20;97;2026-08-01 15:34:23;58;2026-08-01 15:38:47;81;2026-08-01 15:43:52;110;2026-08-01 15:51:38;84;2026-08-01 15:56:14;78;2026-08-01 15:59:42;94;2026-08-01 16:02:26;96;2026-08-01 16:05:33;103;2026-08-01 16:10:24;73;2026-08-01 16:14:01;76;2026-08-01 16:18:15;85;2026-08-01 16:21:11;57;2026-08-02 06:57:26;112;2026-08-02 16:30:35;240;2026-08-02 16:42:52
sfr;5E 84 43 4C 20 5A 02 E0 ;106;"Мяльдзин Анатолий";"1";Превышение КВ;"398 б. за 27:55:08";241;2026-08-01 12:22:56;241;2026-08-01 12:22:56;37;2026-08-01 12:27:54;73;2026-08-01 12:32:51;103;2026-08-01 12:35:47;94;2026-08-01 12:39:44;96;2026-08-01 12:42:02;57;2026-08-02 03:35:35;85;2026-08-02 13:07:04;112;2026-08-02 13:12:42;76;2026-08-02 13:17:45;43;2026-08-02 13:23:54;57;2026-08-02 13:25:59;63;2026-08-02 13:30:04;68;2026-08-02 13:33:58;81;2026-08-02 13:38:19;58;2026-08-02 13:40:17;97;2026-08-02 13:43:58;20;2026-08-02 13:45:12;75;2026-08-02 13:45:58;110;2026-08-02 13:51:46;78;2026-08-02 13:56:17;84;2026-08-02 13:58:02;51;2026-08-02 14:03:02;55;2026-08-02 14:05:43;35;2026-08-02 14:11:55;33;2026-08-02 14:14:16;39;2026-08-02 14:16:14;38;2026-08-02 14:17:38;47;2026-08-02 14:22:51;65;2026-08-02 14:25:46;101;2026-08-02 14:29:02;36;2026-08-02 14:34:44;44;2026-08-02 14:36:16;66;2026-08-02 14:38:56;32;2026-08-02 14:42:09;88;2026-08-02 14:44:27;72;2026-08-02 14:45:46;30;2026-08-02 14:47:32;45;2026-08-02 14:49:45;50;2026-08-02 14:51:15;60;2026-08-02 14:53:05;48;2026-08-02 14:54:59;93;2026-08-02 14:58:34;34;2026-08-02 14:59:44;41;2026-08-02 15:00:44;40;2026-08-02 15:03:29;52;2026-08-02 15:06:03;54;2026-08-02 15:09:02;59;2026-08-02 15:10:47;53;2026-08-02 15:13:20;49;2026-08-02 15:15:42;61;2026-08-02 15:18:29;70;2026-08-02 15:25:46;74;2026-08-02 15:28:09;91;2026-08-02 15:30:16;69;2026-08-02 15:34:46;86;2026-08-02 15:39:09;87;2026-08-02 15:42:51;95;2026-08-02 15:47:15;83;2026-08-02 15:51:08;77;2026-08-02 15:54:00;62;2026-08-02 15:57:10;42;2026-08-02 15:59:58;64;2026-08-02 16:02:15;82;2026-08-02 16:06:57;71;2026-08-02 16:09:24;67;2026-08-02 16:13:26;56;2026-08-02 16:16:36;240;2026-08-02 16:18:04
sfr;60 32 56 D9 EC 59 02 E0 ;97;"Аборнев Александр";"1";Превышение КВ;"353 б. за 27:58:29";241;2026-08-01 12:04:23;241;2026-08-01 12:04:23;35;2026-08-01 12:08:20;39;2026-08-01 12:10:20;38;2026-08-01 12:11:33;60;2026-08-01 12:13:32;50;2026-08-01 12:14:47;45;2026-08-01 12:16:50;93;2026-08-01 12:19:13;30;2026-08-01 12:20:51;72;2026-08-01 12:22:31;88;2026-08-01 12:23:59;32;2026-08-01 12:26:42;66;2026-08-01 12:28:33;44;2026-08-01 12:30:40;36;2026-08-01 12:33:07;101;2026-08-01 12:37:44;65;2026-08-01 12:41:18;47;2026-08-01 12:44:48;43;2026-08-01 12:51:16;57;2026-08-01 12:53:34;63;2026-08-01 12:55:51;55;2026-08-01 12:57:43;37;2026-08-01 13:00:47;76;2026-08-01 13:05:25;112;2026-08-01 13:11:11;57;2026-08-02 03:50:59;85;2026-08-02 13:21:45;73;2026-08-02 13:26:30;103;2026-08-02 13:31:14;96;2026-08-02 13:35:39;94;2026-08-02 13:38:10;51;2026-08-02 13:56:16;84;2026-08-02 14:02:17;78;2026-08-02 14:05:18;110;2026-08-02 14:10:40;75;2026-08-02 14:18:34;20;2026-08-02 14:19:34;97;2026-08-02 14:21:20;58;2026-08-02 14:24:58;81;2026-08-02 14:29:33;68;2026-08-02 14:34:21;33;2026-08-02 14:48:37;52;2026-08-02 14:50:33;40;2026-08-02 14:53:28;41;2026-08-02 14:56:45;34;2026-08-02 14:58:03;54;2026-08-02 15:01:10;59;2026-08-02 15:02:55;53;2026-08-02 15:05:19;49;2026-08-02 15:14:05;61;2026-08-02 15:18:14;70;2026-08-02 15:25:24;91;2026-08-02 15:28:09;74;2026-08-02 15:30:59;42;2026-08-02 15:36:25;64;2026-08-02 15:39:04;82;2026-08-02 15:44:12;71;2026-08-02 15:46:39;46;2026-08-02 15:50:50;67;2026-08-02 15:53:01;79;2026-08-02 15:56:57;56;2026-08-02 16:00:36;240;2026-08-02 16:02:52
sfr;4C 2A 56 D9 EC 59 02 E0 ;52;"Судгаймер Оскар";"1";Превышение КВ;"300 б. за 28:07:29";241;2026-08-01 12:04:16;241;2026-08-01 12:04:16;37;2026-08-01 12:12:29;76;2026-08-01 12:20:53;57;2026-08-02 03:05:43;85;2026-08-02 12:38:44;73;2026-08-02 12:45:02;103;2026-08-02 12:49:33;96;2026-08-02 12:54:19;94;2026-08-02 12:58:39;78;2026-08-02 13:00:38;84;2026-08-02 13:07:09;110;2026-08-02 13:11:27;75;2026-08-02 13:16:15;97;2026-08-02 13:19:15;20;2026-08-02 13:21:01;92;2026-08-02 13:37:12;83;2026-08-02 13:41:30;90;2026-08-02 13:47:44;95;2026-08-02 13:52:36;89;2026-08-02 13:55:50;86;2026-08-02 13:59:40;69;2026-08-02 14:04:30;74;2026-08-02 14:10:25;91;2026-08-02 14:13:40;70;2026-08-02 14:21:21;82;2026-08-02 14:31:36;71;2026-08-02 14:35:58;49;2026-08-02 14:40:31;53;2026-08-02 14:45:15;59;2026-08-02 14:49:01;54;2026-08-02 14:53:07;40;2026-08-02 14:57:48;41;2026-08-02 15:01:52;34;2026-08-02 15:03:49;93;2026-08-02 15:11:27;30;2026-08-02 15:15:32;72;2026-08-02 15:19:16;88;2026-08-02 15:22:04;32;2026-08-02 15:26:27;66;2026-08-02 15:30:32;50;2026-08-02 15:35:42;60;2026-08-02 15:38:22;38;2026-08-02 15:42:36;39;2026-08-02 15:46:41;33;2026-08-02 15:50:58;52;2026-08-02 15:54:11;56;2026-08-02 16:00:32;79;2026-08-02 16:05:30;240;2026-08-02 16:11:45
sfr;B8 32 CF 2A 00 00 07 E0 ;53;"Сунчугашев Кирилл";"1";Превышение КВ;"329 б. за 28:16:23";241;2026-08-01 12:20:55;241;2026-08-01 12:20:55;37;2026-08-01 12:27:40;76;2026-08-01 12:35:01;112;2026-08-01 12:41:21;57;2026-08-02 03:26:24;85;2026-08-02 13:00:07;73;2026-08-02 13:06:47;103;2026-08-02 13:13:09;96;2026-08-02 13:19:07;94;2026-08-02 13:23:03;78;2026-08-02 13:25:40;84;2026-08-02 13:31:28;110;2026-08-02 13:35:35;97;2026-08-02 13:42:34;75;2026-08-02 13:45:40;20;2026-08-02 13:46:22;92;2026-08-02 13:59:33;83;2026-08-02 14:04:22;90;2026-08-02 14:09:00;95;2026-08-02 14:16:32;89;2026-08-02 14:20:28;86;2026-08-02 14:24:17;69;2026-08-02 14:27:16;74;2026-08-02 14:32:40;91;2026-08-02 14:36:02;70;2026-08-02 14:43:49;42;2026-08-02 14:48:19;111;2026-08-02 14:55:27;64;2026-08-02 15:01:45;31;2026-08-02 15:05:27;82;2026-08-02 15:10:42;61;2026-08-02 15:15:25;71;2026-08-02 15:22:34;49;2026-08-02 15:26:35;53;2026-08-02 15:31:21;59;2026-08-02 15:34:44;54;2026-08-02 15:37:59;40;2026-08-02 15:42:24;41;2026-08-02 15:50:31;34;2026-08-02 15:52:17;48;2026-08-02 15:55:02;45;2026-08-02 15:58:48;93;2026-08-02 16:02:18;30;2026-08-02 16:06:04;72;2026-08-02 16:11:03;88;2026-08-02 16:14:11;32;2026-08-02 16:18:20;66;2026-08-02 16:21:29;50;2026-08-02 16:26:00;60;2026-08-02 16:27:54;38;2026-08-02 16:31:07;35;2026-08-02 16:33:43;240;2026-08-02 16:37:18
sfr;55 30 56 D9 EC 59 02 E0 ;38;"Пароходов Константин";"1";Превышение КВ;"149 б. за 5:08:10";241;2026-08-02 12:26:29;241;2026-08-02 12:26:29;56;2026-08-02 12:51:15;67;2026-08-02 12:56:43;46;2026-08-02 13:07:59;71;2026-08-02 13:16:38;82;2026-08-02 13:20:43;61;2026-08-02 13:29:01;49;2026-08-02 13:37:34;53;2026-08-02 13:45:58;54;2026-08-02 13:53:46;59;2026-08-02 13:58:30;52;2026-08-02 14:03:29;40;2026-08-02 14:10:15;41;2026-08-02 14:16:03;34;2026-08-02 14:25:45;48;2026-08-02 14:29:45;93;2026-08-02 14:35:13;45;2026-08-02 14:46:47;30;2026-08-02 14:51:58;72;2026-08-02 14:56:46;88;2026-08-02 15:00:27;32;2026-08-02 15:08:16;66;2026-08-02 15:16:11;44;2026-08-02 15:30:02;36;2026-08-02 15:38:23;50;2026-08-02 15:49:57;60;2026-08-02 15:55:03;38;2026-08-02 16:16:15;47;2026-08-02 16:30:54;35;2026-08-02 16:47:59;33;2026-08-02 17:11:18;39;2026-08-02 17:26:28;240;2026-08-02 17:34:39
sfr;96 32 CF 2A 00 00 07 E0 ;126;"Ромашкина Александра";"1";Превышение КВ;"316 б. за 27:58:47";241;2026-08-01 12:22:01;241;2026-08-01 12:22:01;56;2026-08-01 12:25:00;79;2026-08-01 12:29:36;67;2026-08-01 12:32:03;46;2026-08-01 12:35:52;71;2026-08-01 12:39:25;82;2026-08-01 12:42:28;70;2026-08-01 12:49:45;91;2026-08-01 12:53:06;74;2026-08-01 12:55:39;69;2026-08-01 13:00:11;86;2026-08-01 13:03:20;89;2026-08-01 13:06:17;95;2026-08-01 13:09:33;90;2026-08-01 13:13:14;83;2026-08-01 13:17:22;92;2026-08-01 13:21:22;77;2026-08-01 13:25:11;62;2026-08-01 13:28:34;42;2026-08-01 13:31:43;111;2026-08-01 13:36:06;64;2026-08-01 13:41:22;31;2026-08-01 13:45:13;61;2026-08-01 13:52:46;49;2026-08-01 13:56:06;53;2026-08-01 13:59:35;59;2026-08-01 14:01:59;54;2026-08-01 14:04:10;40;2026-08-01 14:06:54;41;2026-08-01 14:16:25;34;2026-08-01 14:18:34;93;2026-08-01 14:20:49;30;2026-08-01 14:23:19;72;2026-08-01 14:25:35;88;2026-08-01 14:27:07;32;2026-08-01 14:29:54;66;2026-08-01 14:31:43;50;2026-08-01 14:35:08;60;2026-08-01 14:36:46;38;2026-08-01 14:39:07;35;2026-08-01 14:41:08;37;2026-08-01 14:48:48;76;2026-08-01 14:54:02;73;2026-08-01 14:57:44;103;2026-08-01 15:02:33;96;2026-08-01 15:08:54;94;2026-08-01 15:12:35;85;2026-08-01 15:36:43;57;2026-08-02 06:15:04;112;2026-08-02 15:54:57;43;2026-08-02 16:10:16;240;2026-08-02 16:20:48
sfr;3D 34 56 D9 EC 59 02 E0 ;125;"Коробов Леонид";"1";Превышение КВ;"316 б. за 27:58:47";241;2026-08-01 12:22:04;241;2026-08-01 12:22:04;56;2026-08-01 12:25:18;79;2026-08-01 12:29:51;67;2026-08-01 12:32:13;46;2026-08-01 12:35:56;71;2026-08-01 12:39:28;82;2026-08-01 12:42:34;70;2026-08-01 12:49:51;91;2026-08-01 12:53:13;74;2026-08-01 12:55:41;69;2026-08-01 13:00:16;86;2026-08-01 13:03:32;89;2026-08-01 13:06:18;95;2026-08-01 13:09:27;90;2026-08-01 13:13:24;83;2026-08-01 13:17:28;92;2026-08-01 13:21:29;77;2026-08-01 13:25:15;62;2026-08-01 13:28:40;42;2026-08-01 13:31:48;111;2026-08-01 13:36:10;64;2026-08-01 13:41:43;31;2026-08-01 13:45:45;61;2026-08-01 13:52:56;49;2026-08-01 13:56:14;53;2026-08-01 13:59:51;59;2026-08-01 14:02:06;54;2026-08-01 14:04:17;40;2026-08-01 14:07:03;41;2026-08-01 14:16:28;34;2026-08-01 14:18:42;93;2026-08-01 14:21:01;30;2026-08-01 14:23:23;72;2026-08-01 14:25:43;88;2026-08-01 14:27:12;32;2026-08-01 14:29:57;66;2026-08-01 14:31:44;50;2026-08-01 14:35:13;60;2026-08-01 14:36:53;38;2026-08-01 14:39:11;35;2026-08-01 14:41:10;37;2026-08-01 14:48:44;76;2026-08-01 14:54:09;73;2026-08-01 14:57:50;103;2026-08-01 15:02:39;96;2026-08-01 15:08:45;94;2026-08-01 15:12:40;85;2026-08-01 15:36:52;57;2026-08-02 06:15:35;112;2026-08-02 15:55:01;43;2026-08-02 16:10:27;240;2026-08-02 16:20:51
sfr;6C 2A FE 32 01 24 02 E0 ;218;"Шустов Александр";"1";Превышение КВ;"354 б. за 27:57:39";241;2026-08-01 12:07:22;241;2026-08-01 12:07:22;56;2026-08-01 12:09:50;79;2026-08-01 12:12:31;67;2026-08-01 12:14:49;46;2026-08-01 12:18:31;71;2026-08-01 12:21:27;82;2026-08-01 12:25:11;70;2026-08-01 12:31:24;91;2026-08-01 12:34:08;74;2026-08-01 12:36:11;69;2026-08-01 12:39:42;86;2026-08-01 12:43:38;89;2026-08-01 12:47:27;95;2026-08-01 12:49:49;90;2026-08-01 12:52:58;83;2026-08-01 12:57:31;92;2026-08-01 13:00:20;77;2026-08-01 13:03:17;87;2026-08-01 13:07:22;62;2026-08-01 13:10:39;111;2026-08-01 13:14:48;42;2026-08-01 13:19:23;64;2026-08-01 13:22:06;31;2026-08-01 13:25:33;61;2026-08-01 13:31:10;49;2026-08-01 13:34:24;53;2026-08-01 13:37:22;59;2026-08-01 13:39:45;54;2026-08-01 13:41:45;40;2026-08-01 13:44:07;52;2026-08-01 13:46:46;33;2026-08-01 13:49:10;35;2026-08-01 13:52:04;76;2026-08-01 14:01:46;112;2026-08-01 14:08:42;57;2026-08-02 04:49:31;85;2026-08-02 14:21:04;73;2026-08-02 14:25:22;96;2026-08-02 14:31:22;94;2026-08-02 14:36:19;103;2026-08-02 14:46:22;37;2026-08-02 14:54:57;55;2026-08-02 14:58:03;51;2026-08-02 15:02:22;84;2026-08-02 15:08:27;78;2026-08-02 15:12:34;110;2026-08-02 15:18:36;75;2026-08-02 15:27:14;20;2026-08-02 15:28:33;97;2026-08-02 15:31:11;58;2026-08-02 15:35:24;81;2026-08-02 15:38:36;68;2026-08-02 15:45:11;63;2026-08-02 15:50:38;57;2026-08-02 15:53:26;43;2026-08-02 15:56:08;240;2026-08-02 16:05:01
sfr;E7 37 CF 2A 00 00 07 E0 ;115;"Шустов Алексей";"1";Превышение КВ;"354 б. за 27:57:41";241;2026-08-01 12:07:23;241;2026-08-01 12:07:23;56;2026-08-01 12:09:55;79;2026-08-01 12:12:32;67;2026-08-01 12:14:52;46;2026-08-01 12:18:27;71;2026-08-01 12:21:23;82;2026-08-01 12:25:16;70;2026-08-01 12:31:21;91;2026-08-01 12:34:10;74;2026-08-01 12:36:12;69;2026-08-01 12:39:37;86;2026-08-01 12:43:16;89;2026-08-01 12:47:32;95;2026-08-01 12:49:52;90;2026-08-01 12:52:55;83;2026-08-01 12:57:27;92;2026-08-01 13:00:23;77;2026-08-01 13:03:20;87;2026-08-01 13:07:24;62;2026-08-01 13:10:41;111;2026-08-01 13:14:50;42;2026-08-01 13:19:30;64;2026-08-01 13:21:56;31;2026-08-01 13:25:32;61;2026-08-01 13:31:23;49;2026-08-01 13:34:27;53;2026-08-01 13:37:27;59;2026-08-01 13:39:56;54;2026-08-01 13:41:42;40;2026-08-01 13:44:08;52;2026-08-01 13:46:39;33;2026-08-01 13:49:06;35;2026-08-01 13:52:05;76;2026-08-01 14:01:48;112;2026-08-01 14:08:41;57;2026-08-02 04:49:32;85;2026-08-02 14:21:09;73;2026-08-02 14:25:13;96;2026-08-02 14:31:24;94;2026-08-02 14:35:45;103;2026-08-02 14:46:21;37;2026-08-02 14:54:20;55;2026-08-02 14:57:56;51;2026-08-02 15:02:14;84;2026-08-02 15:08:24;78;2026-08-02 15:12:42;110;2026-08-02 15:18:48;75;2026-08-02 15:27:21;20;2026-08-02 15:28:41;97;2026-08-02 15:31:36;58;2026-08-02 15:35:25;81;2026-08-02 15:38:40;68;2026-08-02 15:45:12;63;2026-08-02 15:50:40;57;2026-08-02 15:53:29;43;2026-08-02 15:56:11;240;2026-08-02 16:05:04
sfr;99 58 54 4C 20 5A 02 E0 ;104;"Маренков Александр";"1";Превышение КВ;"264 б. за 27:58:15";241;2026-08-01 12:21:56;241;2026-08-01 12:21:56;35;2026-08-01 12:27:29;37;2026-08-01 12:32:53;76;2026-08-01 12:39:04;85;2026-08-01 12:42:45;57;2026-08-02 03:22:06;112;2026-08-02 12:58:49;73;2026-08-02 13:10:07;96;2026-08-02 13:19:08;94;2026-08-02 13:28:59;103;2026-08-02 13:38:29;55;2026-08-02 13:53:11;51;2026-08-02 13:58:47;84;2026-08-02 14:04:57;78;2026-08-02 14:08:38;110;2026-08-02 14:16:46;75;2026-08-02 14:21:28;20;2026-08-02 14:22:57;97;2026-08-02 14:26:24;58;2026-08-02 14:30:28;81;2026-08-02 14:33:24;68;2026-08-02 14:37:17;63;2026-08-02 14:44:24;57;2026-08-02 14:47:33;43;2026-08-02 14:54:26;47;2026-08-02 15:04:00;65;2026-08-02 15:11:28;101;2026-08-02 15:14:46;36;2026-08-02 15:23:13;38;2026-08-02 15:30:37;39;2026-08-02 15:34:53;60;2026-08-02 15:37:00;50;2026-08-02 15:38:43;44;2026-08-02 15:41:36;66;2026-08-02 15:45:15;32;2026-08-02 15:47:02;88;2026-08-02 15:50:20;72;2026-08-02 15:52:30;30;2026-08-02 15:54:57;45;2026-08-02 15:58:17;93;2026-08-02 16:00:44;34;2026-08-02 16:02:09;48;2026-08-02 16:03:44;41;2026-08-02 16:06:29;40;2026-08-02 16:11:55;52;2026-08-02 16:15:11;56;2026-08-02 16:17:56;240;2026-08-02 16:20:11
sfr;E1 27 CF 2A 00 00 07 E0 ;32;"Куликов Роман";"1";Превышение КВ;"331 б. за 28:03:05";241;2026-08-01 12:27:45;241;2026-08-01 12:27:45;43;2026-08-01 12:36:05;57;2026-08-01 12:39:15;63;2026-08-01 12:43:27;55;2026-08-01 12:46:04;37;2026-08-01 12:50:46;112;2026-08-01 13:04:07;57;2026-08-02 03:47:50;85;2026-08-02 13:19:36;76;2026-08-02 13:24:59;73;2026-08-02 13:32:36;103;2026-08-02 13:37:03;96;2026-08-02 13:42:55;94;2026-08-02 13:45:41;78;2026-08-02 13:47:42;84;2026-08-02 13:50:58;110;2026-08-02 13:54:37;75;2026-08-02 13:59:49;97;2026-08-02 14:03:06;20;2026-08-02 14:04:34;92;2026-08-02 14:09:21;77;2026-08-02 14:14:44;83;2026-08-02 14:18:55;90;2026-08-02 14:22:52;95;2026-08-02 14:27:29;89;2026-08-02 14:30:36;86;2026-08-02 14:34:09;87;2026-08-02 14:39:25;69;2026-08-02 14:44:50;74;2026-08-02 14:49:55;91;2026-08-02 14:52:58;70;2026-08-02 14:57:05;42;2026-08-02 15:02:03;62;2026-08-02 15:07:25;111;2026-08-02 15:14:48;64;2026-08-02 15:21:09;31;2026-08-02 15:25:17;82;2026-08-02 15:30:06;61;2026-08-02 15:34:55;71;2026-08-02 15:39:08;49;2026-08-02 15:42:47;53;2026-08-02 15:46:37;59;2026-08-02 15:50:14;46;2026-08-02 15:54:23;67;2026-08-02 15:57:20;79;2026-08-02 16:00:02;56;2026-08-02 16:05:09;33;2026-08-02 16:09:05;40;2026-08-02 16:12:48;41;2026-08-02 16:15:47;34;2026-08-02 16:18:21;48;2026-08-02 16:20:50;39;2026-08-02 16:24:16;240;2026-08-02 16:30:50
sfr;3E 27 56 D9 EC 59 02 E0 ;112;"Теплов Олег";"1";Превышение КВ;"125 б. за 4:15:15";241;2026-08-02 12:03:05;241;2026-08-02 12:03:05;35;2026-08-02 12:08:14;47;2026-08-02 12:19:40;65;2026-08-02 12:24:58;101;2026-08-02 12:30:06;43;2026-08-02 12:50:35;57;2026-08-02 12:54:36;63;2026-08-02 13:00:38;68;2026-08-02 13:10:20;75;2026-08-02 13:42:02;20;2026-08-02 13:43:31;110;2026-08-02 14:10:37;37;2026-08-02 14:38:15;38;2026-08-02 14:51:54;36;2026-08-02 14:55:13;44;2026-08-02 14:59:15;66;2026-08-02 15:05:52;50;2026-08-02 15:15:53;45;2026-08-02 15:19:54;93;2026-08-02 15:28:50;34;2026-08-02 15:34:50;41;2026-08-02 15:37:26;40;2026-08-02 15:44:55;33;2026-08-02 15:49:56;52;2026-08-02 15:52:58;56;2026-08-02 16:13:20;240;2026-08-02 16:18:20
sfr;4F 2E A1 30 00 00 07 E0 ;65;"Гилязова Екатерина";"1";Превышение КВ;"156 б. за 26:49:49";241;2026-08-01 12:04:01;241;2026-08-01 12:04:01;37;2026-08-01 12:12:25;76;2026-08-01 12:20:00;112;2026-08-01 12:27:10;57;2026-08-02 03:12:24;85;2026-08-02 12:46:46;73;2026-08-02 12:54:59;103;2026-08-02 12:59:19;96;2026-08-02 13:09:16;94;2026-08-02 13:12:36;78;2026-08-02 13:16:07;84;2026-08-02 13:22:26;110;2026-08-02 13:27:36;75;2026-08-02 13:42:37;20;2026-08-02 13:43:45;92;2026-08-02 13:53:42;77;2026-08-02 14:00:36;31;2026-08-02 14:14:31;82;2026-08-02 14:22:25;71;2026-08-02 14:32:06;67;2026-08-02 14:40:40;79;2026-08-02 14:43:59;56;2026-08-02 14:49:09;240;2026-08-02 14:53:50
sfr;92 34 56 D9 EC 59 02 E0 ;64;"Симанков Иван";"1";Превышение КВ;"156 б. за 26:50:03";241;2026-08-01 12:04:00;241;2026-08-01 12:04:00;37;2026-08-01 12:12:24;76;2026-08-01 12:20:03;112;2026-08-01 12:27:21;57;2026-08-02 03:12:32;85;2026-08-02 12:46:52;73;2026-08-02 12:54:57;103;2026-08-02 12:59:22;96;2026-08-02 13:09:39;94;2026-08-02 13:12:39;78;2026-08-02 13:16:15;84;2026-08-02 13:22:29;110;2026-08-02 13:27:48;75;2026-08-02 13:42:35;20;2026-08-02 13:43:50;92;2026-08-02 13:53:40;77;2026-08-02 14:00:46;31;2026-08-02 14:14:58;82;2026-08-02 14:22:37;71;2026-08-02 14:32:14;67;2026-08-02 14:41:02;79;2026-08-02 14:44:15;56;2026-08-02 14:49:37;240;2026-08-02 14:54:03
sfr;B5 27 CF 2A 00 00 07 E0 ;69;"Гуревич Елизавета";"1";Превышение КВ;"229 б. за 27:47:49";241;2026-08-01 12:04:09;241;2026-08-01 12:04:09;37;2026-08-01 12:12:39;76;2026-08-01 12:22:04;112;2026-08-01 12:33:33;57;2026-08-02 03:19:52;85;2026-08-02 12:54:03;73;2026-08-02 13:01:39;103;2026-08-02 13:07:29;96;2026-08-02 13:13:43;94;2026-08-02 13:20:17;78;2026-08-02 13:25:33;84;2026-08-02 13:29:33;110;2026-08-02 13:35:28;75;2026-08-02 13:41:43;97;2026-08-02 13:49:45;20;2026-08-02 13:52:02;92;2026-08-02 13:59:39;83;2026-08-02 14:07:36;90;2026-08-02 14:13:10;95;2026-08-02 14:19:46;89;2026-08-02 14:24:07;86;2026-08-02 14:29:28;69;2026-08-02 14:34:17;91;2026-08-02 14:41:24;70;2026-08-02 14:46:48;42;2026-08-02 14:52:00;64;2026-08-02 14:58:11;111;2026-08-02 15:06:37;31;2026-08-02 15:16:09;82;2026-08-02 15:24:01;67;2026-08-02 15:42:21;56;2026-08-02 15:48:42;240;2026-08-02 15:51:58
sfr;83 2B 56 D9 EC 59 02 E0 ;68;"Исаев Иван";"1";Превышение КВ;"229 б. за 27:47:52";241;2026-08-01 12:04:07;241;2026-08-01 12:04:07;37;2026-08-01 12:12:41;76;2026-08-01 12:22:06;112;2026-08-01 12:33:38;57;2026-08-02 03:19:53;85;2026-08-02 12:54:04;73;2026-08-02 13:01:40;103;2026-08-02 13:07:30;96;2026-08-02 13:14:46;94;2026-08-02 13:20:19;78;2026-08-02 13:25:32;84;2026-08-02 13:29:35;110;2026-08-02 13:35:30;75;2026-08-02 13:41:45;97;2026-08-02 13:49:46;20;2026-08-02 13:52:03;92;2026-08-02 13:59:38;83;2026-08-02 14:07:37;90;2026-08-02 14:13:09;95;2026-08-02 14:19:45;89;2026-08-02 14:24:06;86;2026-08-02 14:29:30;69;2026-08-02 14:34:18;91;2026-08-02 14:41:29;70;2026-08-02 14:46:49;42;2026-08-02 14:52:01;64;2026-08-02 14:58:12;111;2026-08-02 15:06:38;31;2026-08-02 15:16:11;82;2026-08-02 15:24:02;67;2026-08-02 15:42:23;56;2026-08-02 15:48:44;240;2026-08-02 15:51:59
sfr;7F 35 CF 2A 00 00 07 E0 ;30;"Кочергина Анна";"1";Превышение КВ;"291 б. за 27:51:37";241;2026-08-01 12:08:40;241;2026-08-01 12:08:40;43;2026-08-01 12:17:05;57;2026-08-01 12:21:17;63;2026-08-01 12:25:46;55;2026-08-01 12:28:17;37;2026-08-01 12:33:24;76;2026-08-01 12:41:00;112;2026-08-01 12:48:49;57;2026-08-02 03:31:17;85;2026-08-02 13:07:00;73;2026-08-02 13:13:46;103;2026-08-02 13:19:19;96;2026-08-02 13:25:34;94;2026-08-02 13:28:54;78;2026-08-02 13:32:33;84;2026-08-02 13:35:44;110;2026-08-02 13:41:34;81;2026-08-02 13:49:24;58;2026-08-02 13:52:48;75;2026-08-02 13:56:56;97;2026-08-02 14:02:37;20;2026-08-02 14:04:49;92;2026-08-02 14:09:32;83;2026-08-02 14:15:42;90;2026-08-02 14:21:23;95;2026-08-02 14:26:46;89;2026-08-02 14:30:39;86;2026-08-02 14:34:06;69;2026-08-02 14:38:30;91;2026-08-02 14:44:48;70;2026-08-02 14:53:54;42;2026-08-02 14:58:20;111;2026-08-02 15:05:31;64;2026-08-02 15:13:19;31;2026-08-02 15:19:11;82;2026-08-02 15:24:41;61;2026-08-02 15:28:40;71;2026-08-02 15:33:08;49;2026-08-02 15:37:03;53;2026-08-02 15:41:01;59;2026-08-02 15:44:10;67;2026-08-02 15:48:42;79;2026-08-02 15:51:31;56;2026-08-02 15:56:38;240;2026-08-02 16:00:17
sfr;64 32 56 D9 EC 59 02 E0 ;26;"Забабуркин Павел";"1";Превышение КВ;"304 б. за 27:56:24";241;2026-08-01 12:27:41;241;2026-08-01 12:27:41;56;2026-08-01 12:30:30;79;2026-08-01 12:33:51;67;2026-08-01 12:35:34;46;2026-08-01 12:38:15;53;2026-08-01 12:42:53;49;2026-08-01 12:46:21;71;2026-08-01 12:49:22;61;2026-08-01 12:53:36;82;2026-08-01 12:56:31;31;2026-08-01 13:01:13;64;2026-08-01 13:05:32;111;2026-08-01 13:12:08;42;2026-08-01 13:19:26;70;2026-08-01 13:23:08;91;2026-08-01 13:26:29;74;2026-08-01 13:30:05;69;2026-08-01 13:35:34;87;2026-08-01 13:40:07;86;2026-08-01 13:46:21;89;2026-08-01 13:50:15;95;2026-08-01 13:53:45;90;2026-08-01 13:58:49;83;2026-08-01 14:03:50;77;2026-08-01 14:08:48;92;2026-08-01 14:15:07;20;2026-08-01 14:21:06;75;2026-08-01 14:21:55;97;2026-08-01 14:25:00;58;2026-08-01 14:34:20;110;2026-08-01 14:41:25;84;2026-08-01 14:46:02;78;2026-08-01 14:49:17;94;2026-08-01 14:54:18;96;2026-08-01 14:58:44;103;2026-08-01 15:07:40;73;2026-08-01 15:13:29;85;2026-08-01 15:21:35;57;2026-08-02 06:02:12;76;2026-08-02 15:36:27;112;2026-08-02 15:48:00;37;2026-08-02 15:57:40;55;2026-08-02 16:03:29;63;2026-08-02 16:06:05;57;2026-08-02 16:11:03;43;2026-08-02 16:15:46;240;2026-08-02 16:24:05
sfr;48 37 CF 2A 00 00 07 E0 ;54;"Тамазишвили Леван";"1";Превышение КВ;"277 б. за 27:58:31";241;2026-08-01 12:05:09;241;2026-08-01 12:05:09;56;2026-08-01 12:08:23;79;2026-08-01 12:12:11;67;2026-08-01 12:14:01;46;2026-08-01 12:17:01;71;2026-08-01 12:22:36;82;2026-08-01 12:27:28;31;2026-08-01 12:34:22;64;2026-08-01 12:38:56;111;2026-08-01 12:46:00;62;2026-08-01 12:56:25;42;2026-08-01 13:02:16;70;2026-08-01 13:07:23;91;2026-08-01 13:16:26;74;2026-08-01 13:20:31;69;2026-08-01 13:26:22;86;2026-08-01 13:31:33;89;2026-08-01 13:35:23;95;2026-08-01 13:41:14;87;2026-08-01 13:48:29;77;2026-08-01 13:57:18;83;2026-08-01 14:03:10;90;2026-08-01 14:08:44;92;2026-08-01 14:14:58;20;2026-08-01 14:22:07;75;2026-08-01 14:22:56;97;2026-08-01 14:27:20;58;2026-08-01 14:34:11;81;2026-08-01 14:39:55;110;2026-08-01 14:50:53;84;2026-08-01 14:55:53;78;2026-08-01 14:59:22;94;2026-08-01 15:04:26;96;2026-08-01 15:09:01;103;2026-08-01 15:18:06;73;2026-08-01 15:22:19;85;2026-08-01 15:29:55;57;2026-08-02 06:10:04;76;2026-08-02 15:45:30;37;2026-08-02 15:54:58;240;2026-08-02 16:03:40
sfr;1A 36 CF 2A 00 00 07 E0 ;142;"Ариничев Пётр";"1";Превышение КВ;"277 б. за 27:58:35";241;2026-08-01 12:25:03;241;2026-08-01 12:25:03;79;2026-08-01 12:32:09;67;2026-08-01 12:34:04;102;2026-08-01 12:44:12;111;2026-08-01 12:46:32;71;2026-08-01 12:50:54;82;2026-08-01 12:56:37;80;2026-08-01 13:09:34;70;2026-08-01 13:16:40;91;2026-08-01 13:19:47;74;2026-08-01 13:22:39;69;2026-08-01 13:31:39;86;2026-08-01 13:42:51;89;2026-08-01 13:46:02;95;2026-08-01 13:48:59;87;2026-08-01 13:54:21;83;2026-08-01 14:01:37;90;2026-08-01 14:06:26;92;2026-08-01 14:11:52;20;2026-08-01 14:16:09;75;2026-08-01 14:17:10;97;2026-08-01 14:22:54;110;2026-08-01 14:34:38;84;2026-08-01 14:38:26;78;2026-08-01 14:41:53;94;2026-08-01 14:44:28;96;2026-08-01 14:51:09;77;2026-08-01 14:58:03;62;2026-08-01 15:06:13;73;2026-08-01 15:13:43;103;2026-08-01 15:21:54;85;2026-08-01 15:30:35;57;2026-08-02 06:14:14;112;2026-08-02 15:50:21;37;2026-08-02 15:56:36;56;2026-08-02 16:11:11;33;2026-08-02 16:14:27;52;2026-08-02 16:17:13;240;2026-08-02 16:23:38
sfr;95 4B 53 D9 EC 59 02 E0 ;57;"Хропов Иван";"1";Превышение КВ;"302 б. за 28:03:07";241;2026-08-01 12:30:10;241;2026-08-01 12:30:10;56;2026-08-01 12:32:58;79;2026-08-01 12:36:51;67;2026-08-01 12:39:54;52;2026-08-01 12:44:08;40;2026-08-01 12:49:34;54;2026-08-01 12:53:08;59;2026-08-01 12:55:53;53;2026-08-01 12:58:38;49;2026-08-01 13:02:00;71;2026-08-01 13:05:29;61;2026-08-01 13:09:56;82;2026-08-01 13:13:02;31;2026-08-01 13:18:21;64;2026-08-01 13:22:21;111;2026-08-01 13:28:16;62;2026-08-01 13:36:00;42;2026-08-01 13:40:47;70;2026-08-01 13:44:29;91;2026-08-01 13:47:47;74;2026-08-01 13:50:50;69;2026-08-01 13:56:06;87;2026-08-01 14:01:22;86;2026-08-01 14:07:17;89;2026-08-01 14:10:27;95;2026-08-01 14:13:26;90;2026-08-01 14:18:19;83;2026-08-01 14:22:39;92;2026-08-01 14:27:40;20;2026-08-01 14:41:20;97;2026-08-01 14:43:36;75;2026-08-01 14:46:15;110;2026-08-01 14:52:18;84;2026-08-01 14:56:49;78;2026-08-01 14:59:44;94;2026-08-01 15:03:07;96;2026-08-01 15:06:28;103;2026-08-01 15:18:20;73;2026-08-01 15:22:16;85;2026-08-01 15:29:33;57;2026-08-02 06:07:27;76;2026-08-02 15:42:24;37;2026-08-02 15:53:37;55;2026-08-02 15:59:54;63;2026-08-02 16:06:19;57;2026-08-02 16:13:47;43;2026-08-02 16:20:10;240;2026-08-02 16:33:17
sfr;78 23 56 D9 EC 59 02 E0 ;27;"Зайковский Геннадий";"1";Превышение КВ;"338 б. за 28:03:43";241;2026-08-01 12:48:12;241;2026-08-01 12:48:12;56;2026-08-01 12:50:43;79;2026-08-01 12:54:53;67;2026-08-01 12:56:33;46;2026-08-01 13:00:45;53;2026-08-01 13:04:21;71;2026-08-01 13:09:47;61;2026-08-01 13:13:35;82;2026-08-01 13:16:43;31;2026-08-01 13:21:17;64;2026-08-01 13:24:16;111;2026-08-01 13:29:49;62;2026-08-01 13:36:12;42;2026-08-01 13:40:46;70;2026-08-01 13:44:09;91;2026-08-01 13:47:49;74;2026-08-01 13:50:15;69;2026-08-01 13:55:03;86;2026-08-01 13:58:11;89;2026-08-01 14:01:23;95;2026-08-01 14:05:43;87;2026-08-01 14:10:37;77;2026-08-01 14:16:34;83;2026-08-01 14:20:40;90;2026-08-01 14:24:28;92;2026-08-01 14:28:21;20;2026-08-01 14:43:36;75;2026-08-01 14:44:45;97;2026-08-01 14:47:25;58;2026-08-01 14:52:17;81;2026-08-01 14:55:11;68;2026-08-01 14:59:37;51;2026-08-01 15:02:55;110;2026-08-01 15:10:56;84;2026-08-01 15:14:38;78;2026-08-01 15:19:36;94;2026-08-01 15:28:30;96;2026-08-01 15:32:18;103;2026-08-01 15:39:08;73;2026-08-01 15:44:41;76;2026-08-01 15:50:08;85;2026-08-01 15:53:45;57;2026-08-02 06:33:25;112;2026-08-02 16:09:20;37;2026-08-02 16:19:37;47;2026-08-02 16:28:51;36;2026-08-02 16:33:14;44;2026-08-02 16:36:13;50;2026-08-02 16:40:38;60;2026-08-02 16:42:24;38;2026-08-02 16:45:01;35;2026-08-02 16:47:55;240;2026-08-02 16:51:55
sfr;7F 2C 56 D9 EC 59 02 E0 ;70;"Клепинин Артем";"1";Превышение КВ;"241 б. за 28:04:00";241;2026-08-01 12:19:25;241;2026-08-01 12:19:25;56;2026-08-01 12:22:35;79;2026-08-01 12:28:34;67;2026-08-01 12:33:34;46;2026-08-01 12:37:23;49;2026-08-01 12:44:28;71;2026-08-01 12:49:37;82;2026-08-01 12:54:11;31;2026-08-01 13:01:22;64;2026-08-01 13:06:45;111;2026-08-01 13:14:35;42;2026-08-01 13:23:20;70;2026-08-01 13:28:36;91;2026-08-01 13:34:10;74;2026-08-01 13:39:05;69;2026-08-01 13:46:14;86;2026-08-01 13:52:21;89;2026-08-01 13:58:04;95;2026-08-01 14:02:59;90;2026-08-01 14:10:33;92;2026-08-01 14:18:28;20;2026-08-01 14:28:09;75;2026-08-01 14:29:49;97;2026-08-01 14:33:54;58;2026-08-01 14:43:27;110;2026-08-01 14:51:58;84;2026-08-01 14:57:52;78;2026-08-01 15:02:34;94;2026-08-01 15:05:18;96;2026-08-01 15:16:17;103;2026-08-01 15:27:15;73;2026-08-01 15:33:32;85;2026-08-01 15:43:38;57;2026-08-02 06:26:44;76;2026-08-02 16:05:55;240;2026-08-02 16:23:25
sfr;6F 29 56 D9 EC 59 02 E0 ;71;"Клепинина Екатерина";"1";Превышение КВ;"241 б. за 28:04:02";241;2026-08-01 12:19:22;241;2026-08-01 12:19:22;56;2026-08-01 12:22:37;79;2026-08-01 12:28:33;67;2026-08-01 12:33:37;46;2026-08-01 12:37:24;49;2026-08-01 12:44:33;71;2026-08-01 12:49:32;82;2026-08-01 12:54:08;31;2026-08-01 13:01:18;64;2026-08-01 13:06:44;111;2026-08-01 13:14:25;42;2026-08-01 13:23:19;70;2026-08-01 13:28:35;91;2026-08-01 13:34:09;74;2026-08-01 13:39:07;69;2026-08-01 13:46:15;86;2026-08-01 13:52:25;89;2026-08-01 13:58:02;95;2026-08-01 14:03:02;90;2026-08-01 14:10:29;92;2026-08-01 14:18:31;20;2026-08-01 14:28:08;75;2026-08-01 14:29:53;97;2026-08-01 14:33:55;58;2026-08-01 14:43:29;110;2026-08-01 14:51:59;84;2026-08-01 14:57:53;78;2026-08-01 15:02:36;94;2026-08-01 15:05:44;96;2026-08-01 15:16:08;103;2026-08-01 15:27:17;73;2026-08-01 15:33:35;85;2026-08-01 15:43:41;57;2026-08-02 06:26:56;76;2026-08-02 16:05:58;240;2026-08-02 16:23:24
sfr;DA 36 CF 2A 00 00 07 E0 ;41;"Посадский Алексей";"1";Превышение КВ;"304 б. за 28:06:29";241;2026-08-01 12:27:55;241;2026-08-01 12:27:55;56;2026-08-01 12:30:44;79;2026-08-01 12:35:14;67;2026-08-01 12:37:20;59;2026-08-01 12:41:51;53;2026-08-01 12:44:50;49;2026-08-01 12:48:27;71;2026-08-01 12:51:30;61;2026-08-01 12:56:30;82;2026-08-01 12:59:48;31;2026-08-01 13:05:46;64;2026-08-01 13:09:18;42;2026-08-01 13:13:22;70;2026-08-01 13:17:14;91;2026-08-01 13:21:07;74;2026-08-01 13:24:27;86;2026-08-01 13:31:37;89;2026-08-01 13:34:47;95;2026-08-01 13:39:13;90;2026-08-01 13:44:51;83;2026-08-01 13:49:50;92;2026-08-01 13:54:50;20;2026-08-01 14:03:43;75;2026-08-01 14:04:49;97;2026-08-01 14:14:15;58;2026-08-01 14:20:56;81;2026-08-01 14:25:49;110;2026-08-01 14:33:56;84;2026-08-01 14:38:06;78;2026-08-01 14:42:06;94;2026-08-01 14:44:39;96;2026-08-01 14:48:29;103;2026-08-01 14:57:20;73;2026-08-01 15:01:29;76;2026-08-01 15:05:56;85;2026-08-01 15:10:09;57;2026-08-02 05:48:28;112;2026-08-02 15:26:25;37;2026-08-02 15:44:33;47;2026-08-02 15:55:36;36;2026-08-02 16:01:32;44;2026-08-02 16:04:35;66;2026-08-02 16:10:21;45;2026-08-02 16:15:52;50;2026-08-02 16:20:15;60;2026-08-02 16:22:14;38;2026-08-02 16:25:35;39;2026-08-02 16:28:02;240;2026-08-02 16:34:24
sfr;44 25 56 D9 EC 59 02 E0 ;92;"Черновол Глеб";"1";Превышение КВ;"309 б. за 28:07:43";241;2026-08-01 12:30:08;241;2026-08-01 12:30:08;56;2026-08-01 12:32:56;79;2026-08-01 12:36:39;67;2026-08-01 12:39:48;52;2026-08-01 12:44:12;40;2026-08-01 12:49:30;54;2026-08-01 12:53:07;59;2026-08-01 12:55:56;53;2026-08-01 12:58:40;49;2026-08-01 13:02:04;71;2026-08-01 13:05:30;61;2026-08-01 13:10:01;82;2026-08-01 13:13:09;31;2026-08-01 13:18:35;64;2026-08-01 13:22:18;111;2026-08-01 13:28:09;62;2026-08-01 13:35:58;42;2026-08-01 13:40:54;70;2026-08-01 13:44:25;91;2026-08-01 13:47:42;74;2026-08-01 13:50:56;69;2026-08-01 13:56:09;87;2026-08-01 14:01:27;86;2026-08-01 14:07:12;89;2026-08-01 14:10:17;95;2026-08-01 14:13:33;90;2026-08-01 14:18:17;83;2026-08-01 14:22:36;92;2026-08-01 14:27:38;20;2026-08-01 14:41:26;97;2026-08-01 14:43:33;75;2026-08-01 14:46:39;110;2026-08-01 14:52:30;84;2026-08-01 14:56:50;78;2026-08-01 15:00:08;94;2026-08-01 15:03:03;96;2026-08-01 15:07:19;103;2026-08-01 15:18:15;73;2026-08-01 15:22:14;85;2026-08-01 15:29:27;57;2026-08-02 06:07:04;76;2026-08-02 15:41:54;37;2026-08-02 15:53:41;55;2026-08-02 15:58:44;63;2026-08-02 16:06:23;57;2026-08-02 16:13:51;43;2026-08-02 16:18:10;47;2026-08-02 16:27:57;35;2026-08-02 16:32:47;240;2026-08-02 16:37:51
sfr;43 44 56 D9 EC 59 02 E0 ;91;"Хропов Андрей";"1";Превышение КВ;"309 б. за 28:07:44";241;2026-08-01 12:30:05;241;2026-08-01 12:30:05;56;2026-08-01 12:32:55;79;2026-08-01 12:36:46;67;2026-08-01 12:39:51;52;2026-08-01 12:44:04;40;2026-08-01 12:49:36;54;2026-08-01 12:53:05;59;2026-08-01 12:55:51;53;2026-08-01 12:58:36;49;2026-08-01 13:02:01;71;2026-08-01 13:05:23;61;2026-08-01 13:09:58;82;2026-08-01 13:13:06;31;2026-08-01 13:18:32;64;2026-08-01 13:22:15;111;2026-08-01 13:28:19;62;2026-08-01 13:35:56;42;2026-08-01 13:40:44;70;2026-08-01 13:44:21;91;2026-08-01 13:47:46;74;2026-08-01 13:50:43;69;2026-08-01 13:56:12;87;2026-08-01 14:01:24;86;2026-08-01 14:07:09;89;2026-08-01 14:10:19;95;2026-08-01 14:13:30;90;2026-08-01 14:18:07;83;2026-08-01 14:22:33;92;2026-08-01 14:27:36;20;2026-08-01 14:41:21;97;2026-08-01 14:43:30;75;2026-08-01 14:46:34;110;2026-08-01 14:52:22;84;2026-08-01 14:56:42;78;2026-08-01 15:00:06;94;2026-08-01 15:03:05;96;2026-08-01 15:06:22;103;2026-08-01 15:18:17;73;2026-08-01 15:22:10;85;2026-08-01 15:29:17;57;2026-08-02 06:07:16;76;2026-08-02 15:41:52;37;2026-08-02 15:53:26;55;2026-08-02 15:58:49;63;2026-08-02 16:06:15;57;2026-08-02 16:13:36;43;2026-08-02 16:18:00;47;2026-08-02 16:28:04;35;2026-08-02 16:32:49;240;2026-08-02 16:37:49
sfr;54 32 56 D9 EC 59 02 E0 ;83;"Анисимов Вадим";"1";Превышение КВ;"268 б. за 28:08:09";241;2026-08-01 12:30:28;241;2026-08-01 12:30:28;56;2026-08-01 12:34:46;79;2026-08-01 12:39:49;67;2026-08-01 12:42:22;46;2026-08-01 12:46:28;59;2026-08-01 12:51:40;53;2026-08-01 12:54:48;49;2026-08-01 12:59:14;71;2026-08-01 13:03:03;82;2026-08-01 13:07:15;31;2026-08-01 13:13:31;64;2026-08-01 13:18:19;70;2026-08-01 13:25:13;91;2026-08-01 13:30:14;74;2026-08-01 13:35:14;69;2026-08-01 13:42:40;86;2026-08-01 13:47:08;89;2026-08-01 13:51:26;95;2026-08-01 13:55:37;87;2026-08-01 14:03:17;77;2026-08-01 14:11:55;83;2026-08-01 14:19:27;90;2026-08-01 14:25:24;92;2026-08-01 14:31:51;20;2026-08-01 14:47:40;97;2026-08-01 14:52:42;75;2026-08-01 14:56:44;110;2026-08-01 15:06:18;84;2026-08-01 15:13:51;78;2026-08-01 15:18:10;94;2026-08-01 15:20:50;96;2026-08-01 15:27:25;103;2026-08-01 15:39:20;73;2026-08-01 15:44:36;76;2026-08-01 15:51:36;85;2026-08-01 15:56:47;57;2026-08-02 06:35:46;112;2026-08-02 16:15:43;37;2026-08-02 16:26:49;240;2026-08-02 16:38:37
sfr;28 38 CF 2A 00 00 07 E0 ;82;"Савельева Светлана";"1";Превышение КВ;"268 б. за 28:08:13";241;2026-08-01 12:30:23;241;2026-08-01 12:30:23;56;2026-08-01 12:34:40;79;2026-08-01 12:39:45;67;2026-08-01 12:42:18;46;2026-08-01 12:46:33;59;2026-08-01 12:51:43;53;2026-08-01 12:54:42;49;2026-08-01 12:59:15;71;2026-08-01 13:02:57;82;2026-08-01 13:07:07;31;2026-08-01 13:13:21;64;2026-08-01 13:18:20;70;2026-08-01 13:25:08;91;2026-08-01 13:30:05;74;2026-08-01 13:35:08;69;2026-08-01 13:42:34;86;2026-08-01 13:47:05;89;2026-08-01 13:51:28;95;2026-08-01 13:55:33;87;2026-08-01 14:03:11;77;2026-08-01 14:11:48;83;2026-08-01 14:19:24;90;2026-08-01 14:25:15;92;2026-08-01 14:31:47;20;2026-08-01 14:47:44;97;2026-08-01 14:52:36;75;2026-08-01 14:56:45;110;2026-08-01 15:06:11;84;2026-08-01 15:13:49;78;2026-08-01 15:18:05;94;2026-08-01 15:20:46;96;2026-08-01 15:27:22;103;2026-08-01 15:39:17;73;2026-08-01 15:44:39;76;2026-08-01 15:51:29;85;2026-08-01 15:56:39;57;2026-08-02 06:35:45;112;2026-08-02 16:15:44;37;2026-08-02 16:26:40;37;2026-08-02 16:27:13;240;2026-08-02 16:38:36
sfr;77 32 56 D9 EC 59 02 E0 ;218;"Сорокин Игорь";"1";Превышение КВ;"214 б. за 28:10:00";241;2026-08-01 12:21:09;241;2026-08-01 12:21:09;56;2026-08-01 12:24:44;79;2026-08-01 12:31:24;67;2026-08-01 12:33:40;46;2026-08-01 12:38:37;49;2026-08-01 12:46:26;71;2026-08-01 12:50:47;82;2026-08-01 12:54:35;31;2026-08-01 13:00:28;64;2026-08-01 13:04:24;111;2026-08-01 13:10:54;62;2026-08-01 13:20:55;87;2026-08-01 13:27:52;95;2026-08-01 13:36:08;90;2026-08-01 13:42:11;92;2026-08-01 13:49:19;20;2026-08-01 14:01:29;75;2026-08-01 14:02:18;97;2026-08-01 14:06:42;110;2026-08-01 14:17:02;84;2026-08-01 14:21:48;78;2026-08-01 14:25:06;94;2026-08-01 14:30:09;96;2026-08-01 14:34:59;103;2026-08-01 14:45:12;73;2026-08-01 14:58:15;85;2026-08-01 15:09:14;57;2026-08-02 05:49:09;76;2026-08-02 15:28:37;37;2026-08-02 15:40:59;47;2026-08-02 15:56:48;36;2026-08-02 16:02:44;35;2026-08-02 16:24:33;240;2026-08-02 16:31:09
sfr;47 2E 56 D9 EC 59 02 E0 ;60;"Юдин Дмитрий";"1";Превышение КВ;"306 б. за 28:14:33";241;2026-08-01 12:20:02;241;2026-08-01 12:20:02;56;2026-08-01 12:23:08;79;2026-08-01 12:26:58;67;2026-08-01 12:29:25;46;2026-08-01 12:33:21;49;2026-08-01 12:37:37;71;2026-08-01 12:40:34;61;2026-08-01 12:44:41;82;2026-08-01 12:47:52;31;2026-08-01 12:54:35;64;2026-08-01 12:58:00;111;2026-08-01 13:03:54;62;2026-08-01 13:11:55;42;2026-08-01 13:16:51;70;2026-08-01 13:20:21;91;2026-08-01 13:24:11;74;2026-08-01 13:27:24;69;2026-08-01 13:33:35;87;2026-08-01 13:38:04;86;2026-08-01 13:43:30;89;2026-08-01 13:46:53;95;2026-08-01 13:52:03;90;2026-08-01 13:56:49;83;2026-08-01 14:01:27;92;2026-08-01 14:06:05;20;2026-08-01 14:14:48;75;2026-08-01 14:15:32;97;2026-08-01 14:20:10;110;2026-08-01 14:26:52;84;2026-08-01 14:31:07;78;2026-08-01 14:34:07;94;2026-08-01 14:36:28;96;2026-08-01 14:39:53;103;2026-08-01 14:51:31;73;2026-08-01 14:57:55;76;2026-08-01 15:04:36;57;2026-08-02 05:48:48;85;2026-08-02 15:20:42;112;2026-08-02 15:29:41;37;2026-08-02 15:40:49;35;2026-08-02 15:50:56;38;2026-08-02 15:54:35;60;2026-08-02 15:58:28;50;2026-08-02 16:00:23;45;2026-08-02 16:05:20;34;2026-08-02 16:14:28;41;2026-08-02 16:16:22;240;2026-08-02 16:34:35
sfr;83 32 56 D9 EC 59 02 E0 ;217;"Сигачева Полина";"1";Превышение КВ;"174 б. за 28:15:18";241;2026-08-01 12:13:22;241;2026-08-01 12:13:22;35;2026-08-01 12:19:08;43;2026-08-01 12:30:47;57;2026-08-01 12:37:29;63;2026-08-01 12:48:20;55;2026-08-01 12:52:16;37;2026-08-01 13:01:02;76;2026-08-01 13:17:09;112;2026-08-01 13:30:07;57;2026-08-02 04:18:52;85;2026-08-02 13:52:50;73;2026-08-02 14:07:48;96;2026-08-02 14:30:48;94;2026-08-02 14:34:31;78;2026-08-02 14:36:51;84;2026-08-02 14:42:46;58;2026-08-02 14:52:16;75;2026-08-02 15:01:03;97;2026-08-02 15:05:49;20;2026-08-02 15:08:37;92;2026-08-02 15:18:09;77;2026-08-02 15:26:38;62;2026-08-02 15:34:33;64;2026-08-02 15:45:30;31;2026-08-02 15:51:16;82;2026-08-02 15:58:25;71;2026-08-02 16:04:17;67;2026-08-02 16:15:53;79;2026-08-02 16:19:34;240;2026-08-02 16:28:40
sfr;40 2A 56 D9 EC 59 02 E0 ;48;"Блинов Михаил";"1";Превышение КВ;"168 б. за 28:15:20";241;2026-08-01 12:13:21;241;2026-08-01 12:13:21;35;2026-08-01 12:19:11;43;2026-08-01 12:30:57;57;2026-08-01 12:37:35;63;2026-08-01 12:48:24;55;2026-08-01 12:52:19;37;2026-08-01 13:01:04;76;2026-08-01 13:17:07;112;2026-08-01 13:29:56;57;2026-08-02 04:18:55;85;2026-08-02 13:52:54;73;2026-08-02 14:07:51;96;2026-08-02 14:30:50;94;2026-08-02 14:34:26;78;2026-08-02 14:36:48;84;2026-08-02 14:42:43;58;2026-08-02 14:52:14;75;2026-08-02 15:01:04;97;2026-08-02 15:05:48;20;2026-08-02 15:08:39;92;2026-08-02 15:18:11;77;2026-08-02 15:26:40;62;2026-08-02 15:34:35;64;2026-08-02 15:45:32;31;2026-08-02 15:51:06;82;2026-08-02 15:58:22;71;2026-08-02 16:04:11;79;2026-08-02 16:19:35;240;2026-08-02 16:28:41
sfr;4A 2A 56 D9 EC 59 02 E0 ;217;"Белов Алексей";"1";Превышение КВ;"256 б. за 29:20:10";241;2026-08-01 12:09:22;241;2026-08-01 12:09:22;56;2026-08-01 12:12:42;52;2026-08-01 12:17:08;59;2026-08-01 12:24:02;54;2026-08-01 12:27:34;40;2026-08-01 12:31:28;41;2026-08-01 12:36:09;48;2026-08-01 12:39:24;34;2026-08-01 12:41:42;93;2026-08-01 12:45:30;45;2026-08-01 12:49:03;72;2026-08-01 12:58:01;88;2026-08-01 13:00:34;32;2026-08-01 13:11:39;66;2026-08-01 13:14:33;50;2026-08-01 13:18:50;60;2026-08-01 13:21:24;44;2026-08-01 13:28:52;101;2026-08-01 13:39:07;65;2026-08-01 13:47:05;47;2026-08-01 13:53:09;43;2026-08-01 14:05:03;57;2026-08-01 14:12:24;55;2026-08-01 14:28:21;37;2026-08-01 14:33:45;76;2026-08-01 14:43:35;112;2026-08-01 14:51:28;57;2026-08-02 05:36:16;85;2026-08-02 15:09:41;96;2026-08-02 15:34:08;94;2026-08-02 15:37:00;78;2026-08-02 15:39:29;110;2026-08-02 15:46:22;75;2026-08-02 15:55:59;20;2026-08-02 15:59:36;92;2026-08-02 16:04:31;77;2026-08-02 16:12:32;111;2026-08-02 16:31:57;64;2026-08-02 16:43:31;82;2026-08-02 16:56:24;71;2026-08-02 17:01:50;67;2026-08-02 17:13:04;79;2026-08-02 17:20:09;240;2026-08-02 17:29:32
sfr;8F 30 56 D9 EC 59 02 E0 ;87;"Точило Дмитрий";"1";Превышение КВ;"66 б. за 27:41:17";241;2026-08-01 12:03:49;241;2026-08-01 12:03:49;43;2026-08-01 12:14:03;57;2026-08-01 12:18:23;63;2026-08-01 12:24:38;55;2026-08-01 12:28:19;37;2026-08-01 12:35:55;57;2026-08-02 03:44:22;85;2026-08-02 13:21:41;112;2026-08-02 13:48:47;76;2026-08-02 14:14:44;35;2026-08-02 14:46:02;38;2026-08-02 14:52:11;39;2026-08-02 15:08:00;33;2026-08-02 15:30:21;56;2026-08-02 15:41:20;240;2026-08-02 15:45:06
sfr;12 38 04 2C 00 00 07 E0 ;86;"Точило Анастасия";"1";Превышение КВ;"66 б. за 27:41:17";241;2026-08-01 12:03:52;241;2026-08-01 12:03:52;43;2026-08-01 12:14:11;57;2026-08-01 12:18:34;63;2026-08-01 12:25:02;55;2026-08-01 12:28:10;37;2026-08-01 12:35:36;57;2026-08-02 03:44:08;85;2026-08-02 13:21:30;112;2026-08-02 13:49:03;76;2026-08-02 14:14:37;35;2026-08-02 14:45:59;38;2026-08-02 14:52:08;39;2026-08-02 15:08:05;33;2026-08-02 15:30:26;56;2026-08-02 15:41:12;240;2026-08-02 15:45:09
sfr;56 31 56 D9 EC 59 02 E0 ;72;"Коршунова Валентина";"1";Превышение КВ;"66 б. за 27:41:21";241;2026-08-01 12:03:42;241;2026-08-01 12:03:42;43;2026-08-01 12:13:12;57;2026-08-01 12:17:58;63;2026-08-01 12:24:41;55;2026-08-01 12:28:05;37;2026-08-01 12:35:39;57;2026-08-02 03:44:16;85;2026-08-02 13:21:24;112;2026-08-02 13:48:48;76;2026-08-02 14:14:28;35;2026-08-02 14:45:56;38;2026-08-02 14:52:04;39;2026-08-02 15:07:54;33;2026-08-02 15:30:17;56;2026-08-02 15:40:59;240;2026-08-02 15:45:03
sfr;3E 25 56 D9 EC 59 02 E0 ;73;"Коршунов Андрей";"1";Превышение КВ;"66 б. за 27:41:28";241;2026-08-01 12:03:46;241;2026-08-01 12:03:46;43;2026-08-01 12:13:28;57;2026-08-01 12:18:11;63;2026-08-01 12:24:50;55;2026-08-01 12:28:14;37;2026-08-01 12:35:48;57;2026-08-02 03:44:15;85;2026-08-02 13:21:36;112;2026-08-02 13:48:45;76;2026-08-02 14:14:47;35;2026-08-02 14:45:51;38;2026-08-02 14:52:14;39;2026-08-02 15:08:09;33;2026-08-02 15:30:22;56;2026-08-02 15:41:23;240;2026-08-02 15:45:14
sfr;E5 7A B1 02 00 00 07 E0 ;99;"Губанов Фёдор";"1";Превышение КВ;"166 б. за 27:56:12";241;2026-08-01 12:26:02;241;2026-08-01 12:26:02;35;2026-08-01 12:33:43;47;2026-08-01 12:40:27;65;2026-08-01 12:46:14;97;2026-08-02 02:50:39;36;2026-08-02 13:03:52;44;2026-08-02 13:08:05;50;2026-08-02 13:16:11;60;2026-08-02 13:19:28;48;2026-08-02 13:24:20;93;2026-08-02 13:30:08;34;2026-08-02 13:32:44;41;2026-08-02 13:35:51;40;2026-08-02 13:44:24;54;2026-08-02 13:52:35;59;2026-08-02 13:56:33;53;2026-08-02 14:00:51;49;2026-08-02 14:05:04;61;2026-08-02 14:12:07;82;2026-08-02 14:20:03;70;2026-08-02 14:40:35;91;2026-08-02 14:46:42;74;2026-08-02 14:52:47;86;2026-08-02 15:01:07;69;2026-08-02 15:07:52;31;2026-08-02 15:29:03;71;2026-08-02 15:45:25;46;2026-08-02 15:55:09;67;2026-08-02 16:01:13;79;2026-08-02 16:05:53;56;2026-08-02 16:16:28;240;2026-08-02 16:22:14
sfr;D1 38 CF 2A 00 00 07 E0 ;84;"Соколова Ирина";"1";Превышение КВ;"79 б. за 4:42:25";241;2026-08-02 12:33:59;241;2026-08-02 12:33:59;56;2026-08-02 12:45:13;70;2026-08-02 13:25:42;91;2026-08-02 13:43:09;74;2026-08-02 13:59:21;69;2026-08-02 14:27:47;86;2026-08-02 14:37:36;89;2026-08-02 14:52:53;95;2026-08-02 15:13:12;90;2026-08-02 15:32:53;92;2026-08-02 15:49:58;20;2026-08-02 16:11:28;240;2026-08-02 17:16:24
sfr;43 24 56 D9 EC 59 02 E0 ;85;"Мамонтов Владимир";"1";Превышение КВ;"79 б. за 4:42:28";241;2026-08-02 12:33:57;241;2026-08-02 12:33:57;56;2026-08-02 12:45:15;70;2026-08-02 13:25:41;91;2026-08-02 13:43:06;74;2026-08-02 13:59:19;69;2026-08-02 14:27:44;86;2026-08-02 14:37:34;89;2026-08-02 14:52:54;95;2026-08-02 15:13:13;90;2026-08-02 15:32:48;92;2026-08-02 15:50:00;20;2026-08-02 16:11:25;240;2026-08-02 17:16:25
sfr;3E 33 56 D9 EC 59 02 E0 ;102;"Кисловский Марк";"1";Превышение КВ;"140 б. за 27:18:32";241;2026-08-01 12:12:18;241;2026-08-01 12:12:18;37;2026-08-01 12:18:54;73;2026-08-01 12:28:05;103;2026-08-01 12:32:21;94;2026-08-01 12:40:31;96;2026-08-01 12:46:10;85;2026-08-01 12:55:32;57;2026-08-02 03:43:16;112;2026-08-02 13:21:19;76;2026-08-02 13:27:32;43;2026-08-02 13:35:00;57;2026-08-02 13:37:32;63;2026-08-02 13:40:37;68;2026-08-02 13:46:02;81;2026-08-02 13:49:50;58;2026-08-02 13:52:40;97;2026-08-02 14:02:21;20;2026-08-02 14:04:36;75;2026-08-02 14:05:35;110;2026-08-02 14:09:18;51;2026-08-02 14:19:40;55;2026-08-02 14:24:53;35;2026-08-02 14:33:12;240;2026-08-02 15:30:50
sfr;87 A2 FA AB 6A 24 02 E0 ;156;"Иващенко Михаил";"1";Превышение КВ;"254 б. за 27:47:14";241;2026-08-01 12:15:40;241;2026-08-01 12:15:40;79;2026-08-01 12:26:42;67;2026-08-01 12:28:02;102;2026-08-01 12:37:08;71;2026-08-01 12:40:12;82;2026-08-01 12:42:48;111;2026-08-01 12:49:00;73;2026-08-01 12:59:23;62;2026-08-01 13:06:13;103;2026-08-01 13:12:00;77;2026-08-01 13:20:07;96;2026-08-01 13:26:37;92;2026-08-01 13:38:08;90;2026-08-01 13:41:59;97;2026-08-01 13:51:18;20;2026-08-01 13:53:00;75;2026-08-01 13:53:46;110;2026-08-01 13:58:20;84;2026-08-01 14:01:08;78;2026-08-01 14:03:51;94;2026-08-01 14:05:50;57;2026-08-02 04:46:30;85;2026-08-02 14:18:31;76;2026-08-02 14:27:39;112;2026-08-02 14:33:56;37;2026-08-02 14:40:22;55;2026-08-02 14:50:10;51;2026-08-02 14:56:41;63;2026-08-02 15:04:29;57;2026-08-02 15:10:10;43;2026-08-02 15:17:41;130;2026-08-02 15:28:31;121;2026-08-02 15:33:07;65;2026-08-02 15:45:54;101;2026-08-02 15:49:17;240;2026-08-02 16:02:54
sfr;65 7C 54 9F DD 58 02 E0 ;137;"Быркин Виктор";"1";Превышение КВ;"178 б. за 27:49:01";241;2026-08-01 12:14:48;241;2026-08-01 12:14:48;65;2026-08-01 12:24:55;121;2026-08-01 12:38:05;130;2026-08-01 12:41:38;43;2026-08-01 12:50:03;57;2026-08-01 12:57:37;63;2026-08-01 13:08:24;55;2026-08-01 13:13:07;37;2026-08-01 13:23:38;112;2026-08-01 13:32:32;57;2026-08-02 04:22:14;84;2026-08-02 14:01:17;78;2026-08-02 14:09:39;94;2026-08-02 14:12:05;75;2026-08-02 14:25:06;20;2026-08-02 14:26:50;97;2026-08-02 14:31:55;92;2026-08-02 14:37:18;96;2026-08-02 14:51:30;77;2026-08-02 14:57:55;62;2026-08-02 15:07:41;73;2026-08-02 15:14:46;111;2026-08-02 15:29:41;102;2026-08-02 15:33:33;79;2026-08-02 15:45:42;56;2026-08-02 16:01:15;240;2026-08-02 16:03:49
sfr;39 29 56 D9 EC 59 02 E0 ;164;"Поляков Алексей";"1";Превышение КВ;"290 б. за 27:51:59";241;2026-08-01 12:03:08;241;2026-08-01 12:03:08;65;2026-08-01 12:09:23;101;2026-08-01 12:12:26;121;2026-08-01 12:16:51;130;2026-08-01 12:22:31;43;2026-08-01 12:31:09;57;2026-08-01 12:34:38;63;2026-08-01 12:38:11;55;2026-08-01 12:40:43;51;2026-08-01 12:45:41;81;2026-08-01 12:52:46;84;2026-08-01 12:58:17;78;2026-08-01 13:01:56;57;2026-08-02 03:42:38;85;2026-08-02 13:16:40;73;2026-08-02 13:21:45;103;2026-08-02 13:30:13;96;2026-08-02 13:39:01;94;2026-08-02 13:43:14;110;2026-08-02 13:50:52;75;2026-08-02 13:54:52;20;2026-08-02 13:55:23;97;2026-08-02 13:59:07;92;2026-08-02 14:09:18;83;2026-08-02 14:14:16;90;2026-08-02 14:18:16;95;2026-08-02 14:24:29;89;2026-08-02 14:28:20;86;2026-08-02 14:31:45;87;2026-08-02 14:36:51;69;2026-08-02 14:43:08;91;2026-08-02 14:48:43;80;2026-08-02 15:00:05;82;2026-08-02 15:15:32;102;2026-08-02 15:24:39;111;2026-08-02 15:26:12;112;2026-08-02 15:37:33;79;2026-08-02 15:50:13;240;2026-08-02 15:55:07
sfr;65 2D 56 D9 EC 59 02 E0 ;154;"Иванова София";"1";Превышение КВ;"200 б. за 27:52:18";241;2026-08-01 12:15:12;241;2026-08-01 12:15:12;79;2026-08-01 12:30:34;111;2026-08-01 12:45:42;102;2026-08-01 12:49:24;71;2026-08-01 12:55:21;82;2026-08-01 13:05:29;70;2026-08-01 13:16:44;91;2026-08-01 13:20:16;80;2026-08-01 13:36:30;74;2026-08-01 13:46:19;86;2026-08-01 13:53:12;69;2026-08-01 13:57:02;87;2026-08-01 14:10:03;95;2026-08-01 14:16:42;90;2026-08-01 14:22:42;83;2026-08-01 14:28:28;92;2026-08-01 14:35:13;110;2026-08-01 15:03:25;75;2026-08-01 15:09:54;20;2026-08-01 15:10:42;97;2026-08-01 15:14:05;84;2026-08-01 15:24:30;78;2026-08-01 15:28:27;94;2026-08-01 15:32:27;57;2026-08-02 06:14:01;112;2026-08-02 15:53:20;240;2026-08-02 16:07:30
sfr;3E 93 85 14 00 00 07 E0 ;182;"Казанцева Лариса";"1";Превышение КВ;"210 б. за 27:53:45";241;2026-08-01 12:12:41;241;2026-08-01 12:12:41;79;2026-08-01 12:23:30;67;2026-08-01 12:31:01;111;2026-08-01 12:43:04;102;2026-08-01 12:46:37;71;2026-08-01 12:51:24;82;2026-08-01 13:00:05;80;2026-08-01 13:18:44;74;2026-08-01 13:27:27;86;2026-08-01 13:35:39;89;2026-08-01 13:39:22;95;2026-08-01 13:45:02;90;2026-08-01 13:50:23;92;2026-08-01 14:07:53;20;2026-08-01 14:14:19;97;2026-08-01 14:19:55;75;2026-08-01 14:23:08;110;2026-08-01 14:29:39;84;2026-08-01 14:34:59;78;2026-08-01 14:39:02;94;2026-08-01 14:41:34;96;2026-08-01 14:47:30;103;2026-08-01 14:57:46;73;2026-08-01 15:12:23;85;2026-08-01 15:20:45;57;2026-08-02 06:06:42;112;2026-08-02 15:46:03;240;2026-08-02 16:06:26
sfr;30 32 CF 2A 00 00 07 E0 ;148;"Новиков Владимир";"1";Превышение КВ;"230 б. за 27:53:59";241;2026-08-01 12:25:59;241;2026-08-01 12:25:59;43;2026-08-01 12:33:34;65;2026-08-01 12:39:33;101;2026-08-01 12:42:57;121;2026-08-01 12:53:05;130;2026-08-01 12:57:52;57;2026-08-01 13:12:38;63;2026-08-01 13:27:10;55;2026-08-01 13:30:44;37;2026-08-01 13:39:33;112;2026-08-01 13:47:27;57;2026-08-02 04:34:32;94;2026-08-02 14:09:34;78;2026-08-02 14:11:37;84;2026-08-02 14:14:58;110;2026-08-02 14:18:52;75;2026-08-02 14:26:26;20;2026-08-02 14:27:21;97;2026-08-02 14:31:27;92;2026-08-02 14:36:36;96;2026-08-02 14:51:21;77;2026-08-02 14:57:28;62;2026-08-02 15:07:19;103;2026-08-02 15:19:25;73;2026-08-02 15:23:33;111;2026-08-02 15:32:20;102;2026-08-02 15:36:07;82;2026-08-02 15:47:37;71;2026-08-02 15:51:37;67;2026-08-02 16:05:48;79;2026-08-02 16:08:22;56;2026-08-02 16:17:05;240;2026-08-02 16:19:58
sfr;43 34 56 D9 EC 59 02 E0 ;178;"Липгарт Вадим";"1";Превышение КВ;"190 б. за 27:54:15";241;2026-08-01 12:13:07;241;2026-08-01 12:13:07;65;2026-08-01 12:22:06;121;2026-08-01 12:32:08;130;2026-08-01 12:38:09;43;2026-08-01 12:44:03;57;2026-08-01 12:49:26;63;2026-08-01 12:56:29;55;2026-08-01 13:00:53;37;2026-08-01 13:11:30;112;2026-08-01 13:19:53;57;2026-08-02 04:02:46;84;2026-08-02 13:38:34;78;2026-08-02 13:44:16;85;2026-08-02 14:02:58;94;2026-08-02 14:10:22;96;2026-08-02 14:16:23;20;2026-08-02 14:26:33;75;2026-08-02 14:27:15;92;2026-08-02 14:32:33;90;2026-08-02 14:41:27;69;2026-08-02 15:03:41;80;2026-08-02 15:13:12;82;2026-08-02 15:23:01;102;2026-08-02 15:30:47;111;2026-08-02 15:35:34;73;2026-08-02 15:49:38;79;2026-08-02 16:01:00;240;2026-08-02 16:07:22
sfr;46 33 59 9F DD 58 02 E0 ;136;"Богданов Андрей";"1";Превышение КВ;"201 б. за 27:57:15";241;2026-08-01 12:10:29;241;2026-08-01 12:10:29;65;2026-08-01 12:21:01;101;2026-08-01 12:25:22;121;2026-08-01 12:41:02;130;2026-08-01 12:45:07;43;2026-08-01 12:53:52;57;2026-08-01 13:01:26;63;2026-08-01 13:13:26;55;2026-08-01 13:17:48;37;2026-08-01 13:27:47;112;2026-08-01 13:36:36;57;2026-08-02 04:22:28;85;2026-08-02 13:58:41;73;2026-08-02 14:03:50;103;2026-08-02 14:09:15;96;2026-08-02 14:19:11;94;2026-08-02 14:25:42;78;2026-08-02 14:27:45;84;2026-08-02 14:34:52;110;2026-08-02 14:38:19;75;2026-08-02 14:53:44;20;2026-08-02 14:56:05;97;2026-08-02 14:59:17;92;2026-08-02 15:05:08;77;2026-08-02 15:22:50;62;2026-08-02 15:34:08;102;2026-08-02 15:49:02;79;2026-08-02 15:59:56;240;2026-08-02 16:07:44
sfr;B8 34 CF 2A 00 00 07 E0 ;177;"Камышников Сергей";"1";Превышение КВ;"272 б. за 27:57:58";241;2026-08-01 12:09:26;241;2026-08-01 12:09:26;65;2026-08-01 12:18:26;130;2026-08-01 12:25:51;121;2026-08-01 12:28:12;43;2026-08-01 12:33:56;57;2026-08-01 12:37:39;63;2026-08-01 12:50:34;55;2026-08-01 12:58:04;37;2026-08-01 13:03:26;112;2026-08-01 13:10:15;57;2026-08-02 03:50:07;84;2026-08-02 13:22:48;78;2026-08-02 13:26:38;85;2026-08-02 13:32:01;103;2026-08-02 13:38:01;94;2026-08-02 13:44:22;96;2026-08-02 13:52:27;77;2026-08-02 13:58:03;110;2026-08-02 14:08:02;20;2026-08-02 14:12:54;75;2026-08-02 14:15:21;92;2026-08-02 14:17:47;90;2026-08-02 14:24:48;89;2026-08-02 14:35:46;86;2026-08-02 14:42:56;87;2026-08-02 14:50:33;69;2026-08-02 14:54:15;91;2026-08-02 14:59:50;74;2026-08-02 15:05:50;80;2026-08-02 15:12:25;82;2026-08-02 15:20:34;71;2026-08-02 15:27:58;102;2026-08-02 15:32:16;111;2026-08-02 15:37:13;73;2026-08-02 15:48:07;76;2026-08-02 15:56:52;79;2026-08-02 16:02:30;240;2026-08-02 16:07:24
sfr;9A 5D 54 4C 20 5A 02 E0 ;138;"Горбачев Артём";"1";Превышение КВ;"134 б. за 27:58:00";241;2026-08-01 12:27:47;241;2026-08-01 12:27:47;43;2026-08-01 12:38:09;65;2026-08-01 12:44:56;121;2026-08-01 13:02:04;130;2026-08-01 13:10:24;57;2026-08-01 13:25:38;63;2026-08-01 13:38:54;55;2026-08-01 13:48:28;57;2026-08-02 04:52:54;85;2026-08-02 14:27:22;78;2026-08-02 14:42:21;94;2026-08-02 14:46:16;84;2026-08-02 14:52:31;75;2026-08-02 15:07:51;20;2026-08-02 15:09:36;92;2026-08-02 15:13:01;96;2026-08-02 15:30:49;73;2026-08-02 15:53:33;102;2026-08-02 16:02:55;79;2026-08-02 16:15:58;240;2026-08-02 16:25:47
sfr;8E 3A 56 D9 EC 59 02 E0 ;29;"Зубалий Анастасия";"1";Превышение КВ;"189 б. за 27:58:49";241;2026-08-01 12:04:20;241;2026-08-01 12:04:20;37;2026-08-01 12:17:15;76;2026-08-01 12:29:20;112;2026-08-01 12:41:33;57;2026-08-02 03:31:02;85;2026-08-02 13:05:12;73;2026-08-02 13:15:19;103;2026-08-02 13:30:04;96;2026-08-02 13:37:43;94;2026-08-02 13:42:58;78;2026-08-02 13:45:40;110;2026-08-02 13:54:39;75;2026-08-02 14:05:14;20;2026-08-02 14:06:20;97;2026-08-02 14:11:19;92;2026-08-02 14:17:38;90;2026-08-02 14:25:21;95;2026-08-02 14:43:16;89;2026-08-02 14:50:27;86;2026-08-02 14:55:39;69;2026-08-02 15:00:33;91;2026-08-02 15:08:31;70;2026-08-02 15:14:42;82;2026-08-02 15:29:04;71;2026-08-02 15:36:06;46;2026-08-02 15:44:32;240;2026-08-02 16:03:09
sfr;41 22 56 D9 EC 59 02 E0 ;146;"Гришин Василий";"1";Превышение КВ;"162 б. за 27:59:54";241;2026-08-01 12:07:57;241;2026-08-01 12:07:57;43;2026-08-01 12:16:27;65;2026-08-01 12:23:04;101;2026-08-01 12:26:22;130;2026-08-01 12:47:57;57;2026-08-01 13:03:45;63;2026-08-01 13:27:20;55;2026-08-01 13:32:25;37;2026-08-01 13:42:00;112;2026-08-01 13:51:46;85;2026-08-01 14:10:00;57;2026-08-02 04:46:14;78;2026-08-02 14:23:48;94;2026-08-02 14:25:57;84;2026-08-02 14:32:54;110;2026-08-02 14:36:46;20;2026-08-02 14:47:55;75;2026-08-02 14:49:06;92;2026-08-02 14:54:32;77;2026-08-02 15:16:51;62;2026-08-02 15:24:08;73;2026-08-02 15:34:53;111;2026-08-02 15:44:45;79;2026-08-02 15:59:17;240;2026-08-02 16:07:51
sfr;51 C1 61 7F 00 24 02 E0 ;179;"Быркина Екатерина";"1";Превышение КВ;"207 б. за 27:59:58";241;2026-08-01 12:11:39;241;2026-08-01 12:11:39;79;2026-08-01 12:21:01;67;2026-08-01 12:27:32;76;2026-08-01 12:35:39;111;2026-08-01 12:43:12;102;2026-08-01 12:46:05;71;2026-08-01 12:51:04;82;2026-08-01 12:59:10;80;2026-08-01 13:15:25;74;2026-08-01 13:25:47;91;2026-08-01 13:34:14;69;2026-08-01 13:42:00;87;2026-08-01 13:49:25;86;2026-08-01 14:04:28;89;2026-08-01 14:12:50;90;2026-08-01 14:32:39;92;2026-08-01 14:42:29;20;2026-08-01 14:47:22;97;2026-08-01 14:50:35;75;2026-08-01 14:54:21;110;2026-08-01 15:07:10;78;2026-08-01 15:14:52;94;2026-08-01 15:17:21;103;2026-08-01 15:31:46;85;2026-08-01 15:38:27;57;2026-08-02 06:22:11;112;2026-08-02 15:59:36;240;2026-08-02 16:11:37
sfr;51 49 52 9F DD 58 02 E0 ;80;"Ржаницына Софья";"1";Превышение КВ;"268 б. за 28:00:59";241;2026-08-01 12:09:12;241;2026-08-01 12:09:12;37;2026-08-01 12:17:01;76;2026-08-01 12:24:41;112;2026-08-01 12:31:13;57;2026-08-02 03:16:11;85;2026-08-02 12:47:54;73;2026-08-02 12:55:08;103;2026-08-02 13:02:49;96;2026-08-02 13:08:11;94;2026-08-02 13:11:46;78;2026-08-02 13:20:34;84;2026-08-02 13:24:56;110;2026-08-02 13:29:37;97;2026-08-02 13:38:13;75;2026-08-02 13:44:23;20;2026-08-02 13:45:03;92;2026-08-02 13:53:34;77;2026-08-02 13:59:40;83;2026-08-02 14:04:28;90;2026-08-02 14:09:09;95;2026-08-02 14:15:02;89;2026-08-02 14:21:32;86;2026-08-02 14:31:39;87;2026-08-02 14:38:08;69;2026-08-02 14:42:29;74;2026-08-02 14:49:14;91;2026-08-02 15:07:38;70;2026-08-02 15:11:58;42;2026-08-02 15:18:35;62;2026-08-02 15:24:06;111;2026-08-02 15:32:27;64;2026-08-02 15:40:37;82;2026-08-02 15:47:31;71;2026-08-02 15:51:09;67;2026-08-02 15:59:35;79;2026-08-02 16:02:04;56;2026-08-02 16:07:18;240;2026-08-02 16:10:11
sfr;56 2A 56 D9 EC 59 02 E0 ;81;"Ларькин Александр";"1";Превышение КВ;"268 б. за 28:01:00";241;2026-08-01 12:09:10;241;2026-08-01 12:09:10;37;2026-08-01 12:17:04;76;2026-08-01 12:24:45;112;2026-08-01 12:31:11;57;2026-08-02 03:16:17;85;2026-08-02 12:47:58;73;2026-08-02 12:55:06;103;2026-08-02 13:02:46;96;2026-08-02 13:08:07;94;2026-08-02 13:11:50;78;2026-08-02 13:20:35;84;2026-08-02 13:24:50;110;2026-08-02 13:29:42;97;2026-08-02 13:38:11;75;2026-08-02 13:44:21;20;2026-08-02 13:45:01;92;2026-08-02 13:53:33;77;2026-08-02 13:59:36;83;2026-08-02 14:04:27;90;2026-08-02 14:09:06;95;2026-08-02 14:14:56;89;2026-08-02 14:21:31;86;2026-08-02 14:31:42;87;2026-08-02 14:38:05;69;2026-08-02 14:42:33;74;2026-08-02 14:49:12;91;2026-08-02 15:07:42;70;2026-08-02 15:12:03;42;2026-08-02 15:18:33;62;2026-08-02 15:24:05;111;2026-08-02 15:32:32;64;2026-08-02 15:40:27;82;2026-08-02 15:47:19;71;2026-08-02 15:51:08;67;2026-08-02 15:59:40;79;2026-08-02 16:02:11;56;2026-08-02 16:07:23;240;2026-08-02 16:10:10
sfr;58 38 CF 2A 00 00 07 E0 ;56;"Удалов Алексей";"1";Превышение КВ;"224 б. за 28:02:02";241;2026-08-01 12:05:50;241;2026-08-01 12:05:50;35;2026-08-01 12:12:48;43;2026-08-01 12:25:01;57;2026-08-01 12:29:37;63;2026-08-01 12:37:42;55;2026-08-01 12:40:49;37;2026-08-01 12:47:22;112;2026-08-01 13:05:10;76;2026-08-01 13:17:14;57;2026-08-02 03:58:01;85;2026-08-02 13:31:34;73;2026-08-02 13:40:57;103;2026-08-02 13:46:54;96;2026-08-02 13:56:07;94;2026-08-02 13:59:51;78;2026-08-02 14:06:39;84;2026-08-02 14:12:24;110;2026-08-02 14:19:13;75;2026-08-02 14:27:00;97;2026-08-02 14:33:29;20;2026-08-02 14:37:39;92;2026-08-02 14:44:05;90;2026-08-02 14:50:44;83;2026-08-02 14:56:39;77;2026-08-02 15:04:00;62;2026-08-02 15:10:35;111;2026-08-02 15:21:26;64;2026-08-02 15:29:30;82;2026-08-02 15:39:15;71;2026-08-02 15:44:05;46;2026-08-02 15:50:55;67;2026-08-02 15:55:51;79;2026-08-02 15:58:50;56;2026-08-02 16:04:50;240;2026-08-02 16:07:52
sfr;7A 30 56 D9 EC 59 02 E0 ;44;"Пронина Ирина";"1";Превышение КВ;"224 б. за 28:02:07";241;2026-08-01 12:05:46;241;2026-08-01 12:05:46;35;2026-08-01 12:12:46;43;2026-08-01 12:25:16;57;2026-08-01 12:29:44;63;2026-08-01 12:37:40;55;2026-08-01 12:40:53;37;2026-08-01 12:47:28;112;2026-08-01 13:04:46;76;2026-08-01 13:17:12;57;2026-08-02 03:58:30;85;2026-08-02 13:31:42;73;2026-08-02 13:41:12;103;2026-08-02 13:46:50;96;2026-08-02 13:56:15;94;2026-08-02 13:59:56;78;2026-08-02 14:06:32;84;2026-08-02 14:12:27;110;2026-08-02 14:19:19;75;2026-08-02 14:27:09;97;2026-08-02 14:33:23;20;2026-08-02 14:37:41;92;2026-08-02 14:44:08;90;2026-08-02 14:50:47;83;2026-08-02 14:56:45;77;2026-08-02 15:04:04;62;2026-08-02 15:10:42;111;2026-08-02 15:21:48;64;2026-08-02 15:29:49;82;2026-08-02 15:39:26;71;2026-08-02 15:44:21;46;2026-08-02 15:50:59;67;2026-08-02 15:55:55;79;2026-08-02 15:59:07;56;2026-08-02 16:04:56;240;2026-08-02 16:07:53
sfr;70 2A 56 D9 EC 59 02 E0 ;141;"Широкова Юлия";"1";Превышение КВ;"102 б. за 28:04:17";241;2026-08-01 12:33:27;241;2026-08-01 12:33:27;79;2026-08-01 12:47:10;73;2026-08-01 13:13:49;96;2026-08-01 13:34:51;94;2026-08-01 13:42:46;57;2026-08-02 04:25:50;112;2026-08-02 14:10:01;37;2026-08-02 14:19:00;55;2026-08-02 14:31:32;51;2026-08-02 14:46:24;84;2026-08-02 14:56:47;78;2026-08-02 15:04:42;85;2026-08-02 15:16:00;75;2026-08-02 15:41:03;20;2026-08-02 15:43:02;92;2026-08-02 15:47:27;240;2026-08-02 16:37:44
sfr;8D 37 CF 2A 00 00 07 E0 ;175;"Фридкин Станислав";"1";Превышение КВ;"261 б. за 28:07:09";241;2026-08-01 12:25:44;241;2026-08-01 12:25:44;65;2026-08-01 12:35:16;121;2026-08-01 12:47:53;130;2026-08-01 12:52:56;43;2026-08-01 13:00:34;79;2026-08-01 13:15:00;102;2026-08-01 13:26:17;111;2026-08-01 13:29:14;73;2026-08-01 13:38:51;62;2026-08-01 13:47:33;87;2026-08-01 14:00:07;69;2026-08-01 14:05:49;91;2026-08-01 14:13:30;74;2026-08-01 14:21:06;80;2026-08-01 14:28:19;86;2026-08-01 14:37:54;89;2026-08-01 14:41:43;95;2026-08-01 14:46:28;83;2026-08-01 14:53:21;90;2026-08-01 15:01:14;92;2026-08-01 15:09:18;20;2026-08-01 15:13:29;97;2026-08-01 15:16:44;75;2026-08-01 15:19:55;110;2026-08-01 15:26:02;84;2026-08-01 15:34:42;78;2026-08-01 15:40:02;94;2026-08-01 15:41:53;96;2026-08-01 15:50:20;103;2026-08-01 15:58:39;85;2026-08-01 16:06:53;57;2026-08-02 06:44:59;112;2026-08-02 16:24:51;240;2026-08-02 16:32:53
sfr;33 2E 56 D9 EC 59 02 E0 ;90;"Кулькова Кася";"1";Превышение КВ;"112 б. за 28:12:49";241;2026-08-01 12:16:41;241;2026-08-01 12:16:41;37;2026-08-01 12:32:19;112;2026-08-01 13:04:28;57;2026-08-02 04:03:01;85;2026-08-02 13:50:15;73;2026-08-02 14:08:19;96;2026-08-02 14:31:08;94;2026-08-02 14:38:06;78;2026-08-02 14:42:15;75;2026-08-02 15:00:41;20;2026-08-02 15:02:07;92;2026-08-02 15:07:18;77;2026-08-02 15:19:33;82;2026-08-02 15:48:05;71;2026-08-02 15:55:18;67;2026-08-02 16:10:33;79;2026-08-02 16:16:43;240;2026-08-02 16:29:30
sfr;72 2C 56 D9 EC 59 02 E0 ;89;"Тураев Всеволод";"1";Превышение КВ;"112 б. за 28:12:49";241;2026-08-01 12:16:43;241;2026-08-01 12:16:43;37;2026-08-01 12:32:08;112;2026-08-01 13:04:23;57;2026-08-02 04:02:14;85;2026-08-02 13:49:58;73;2026-08-02 14:08:17;96;2026-08-02 14:31:19;94;2026-08-02 14:38:11;78;2026-08-02 14:42:09;75;2026-08-02 15:00:46;20;2026-08-02 15:02:05;92;2026-08-02 15:07:11;77;2026-08-02 15:19:39;82;2026-08-02 15:47:54;71;2026-08-02 15:55:22;67;2026-08-02 16:10:37;79;2026-08-02 16:16:29;240;2026-08-02 16:29:32
sfr;82 2E 56 D9 EC 59 02 E0 ;88;"Тураев Алексей";"1";Превышение КВ;"112 б. за 28:12:50";241;2026-08-01 12:16:38;241;2026-08-01 12:16:38;37;2026-08-01 12:31:53;112;2026-08-01 13:04:30;57;2026-08-02 04:02:53;85;2026-08-02 13:50:04;73;2026-08-02 14:08:14;96;2026-08-02 14:31:01;94;2026-08-02 14:38:02;78;2026-08-02 14:42:11;75;2026-08-02 15:00:39;20;2026-08-02 15:02:02;92;2026-08-02 15:07:15;77;2026-08-02 15:19:35;82;2026-08-02 15:47:58;71;2026-08-02 15:55:13;67;2026-08-02 16:10:29;79;2026-08-02 16:16:00;240;2026-08-02 16:29:28
sfr;79 28 56 D9 EC 59 02 E0 ;173;"Фетисов Донат";"1";Превышение КВ;"129 б. за 27:47:20";241;2026-08-01 12:02:50;241;2026-08-01 12:02:50;65;2026-08-01 12:12:53;101;2026-08-01 12:16:16;43;2026-08-01 12:36:48;57;2026-08-01 12:42:52;63;2026-08-01 12:50:08;55;2026-08-01 13:00:05;37;2026-08-01 13:19:14;112;2026-08-01 13:55:15;57;2026-08-02 04:39:38;78;2026-08-02 14:15:41;94;2026-08-02 14:23:12;96;2026-08-02 14:29:36;103;2026-08-02 14:42:25;73;2026-08-02 14:57:53;85;2026-08-02 15:02:17;76;2026-08-02 15:18:41;46;2026-08-02 15:27:21;79;2026-08-02 15:35:24;67;2026-08-02 15:38:47;56;2026-08-02 15:48:08;240;2026-08-02 15:50:10
sfr;40 27 CF 2A 00 00 07 E0 ;160;"Линкова Татьяна";"1";Превышение КВ;"125 б. за 27:49:54";241;2026-08-01 12:12:13;241;2026-08-01 12:12:13;79;2026-08-01 12:31:03;67;2026-08-01 12:34:08;102;2026-08-01 12:49:16;111;2026-08-01 12:53:12;73;2026-08-01 13:10:00;62;2026-08-01 13:22:15;103;2026-08-01 13:30:20;77;2026-08-01 13:48:50;96;2026-08-01 14:04:50;94;2026-08-01 14:17:38;78;2026-08-01 14:20:37;57;2026-08-02 05:08:42;85;2026-08-02 14:43:46;112;2026-08-02 15:00:42;37;2026-08-02 15:19:14;57;2026-08-02 15:26:11;43;2026-08-02 15:30:03;56;2026-08-02 15:59:47;240;2026-08-02 16:02:07
sfr;85 31 56 D9 EC 59 02 E0 ;140;"Телевинов Роман";"1";Превышение КВ;"143 б. за 27:50:47";241;2026-08-01 12:02:42;241;2026-08-01 12:02:42;43;2026-08-01 12:11:59;130;2026-08-01 12:25:09;121;2026-08-01 12:34:03;101;2026-08-01 12:41:40;65;2026-08-01 12:46:27;57;2026-08-01 13:06:09;55;2026-08-01 13:24:22;51;2026-08-01 13:53:28;68;2026-08-01 14:00:20;81;2026-08-01 14:11:49;58;2026-08-01 14:21:21;110;2026-08-01 14:36:34;84;2026-08-01 14:41:51;78;2026-08-01 14:50:32;94;2026-08-01 14:53:11;57;2026-08-02 05:35:28;112;2026-08-02 15:17:23;79;2026-08-02 15:35:51;67;2026-08-02 15:39:28;56;2026-08-02 15:48:29;240;2026-08-02 15:53:29
sfr;18 33 CF 2A 00 00 07 E0 ;171;"Телевинова Ирина";"1";Превышение КВ;"132 б. за 27:50:51";241;2026-08-01 12:02:41;241;2026-08-01 12:02:41;121;2026-08-01 12:33:21;101;2026-08-01 12:41:43;65;2026-08-01 12:46:26;57;2026-08-01 13:06:11;63;2026-08-01 13:15:36;55;2026-08-01 13:24:18;51;2026-08-01 13:53:25;68;2026-08-01 14:00:19;81;2026-08-01 14:11:48;58;2026-08-01 14:21:20;110;2026-08-01 14:36:32;84;2026-08-01 14:41:50;78;2026-08-01 14:50:10;94;2026-08-01 14:52:28;57;2026-08-02 05:35:29;112;2026-08-02 15:16:13;79;2026-08-02 15:35:52;67;2026-08-02 15:39:30;56;2026-08-02 15:48:31;240;2026-08-02 15:53:32
sfr;5B 3E 55 4C 20 5A 02 E0 ;135;"Алексеева Ксения";"1";Превышение КВ;"123 б. за 27:58:39";241;2026-08-01 12:27:14;241;2026-08-01 12:27:14;65;2026-08-01 12:41:11;121;2026-08-01 13:02:52;130;2026-08-01 13:09:15;43;2026-08-01 13:19:03;57;2026-08-01 13:27:05;63;2026-08-01 13:38:52;55;2026-08-01 13:48:20;57;2026-08-02 04:52:46;85;2026-08-02 14:27:13;78;2026-08-02 14:42:33;94;2026-08-02 14:46:38;84;2026-08-02 14:52:28;96;2026-08-02 15:08:13;102;2026-08-02 15:38:49;79;2026-08-02 15:53:08;112;2026-08-02 16:04:23;37;2026-08-02 16:12:17;240;2026-08-02 16:25:53
sfr;50 36 CF 2A 00 00 07 E0 ;158;"Кондуков Лев";"1";Превышение КВ;"105 б. за 28:02:20";241;2026-08-01 12:08:17;241;2026-08-01 12:08:17;65;2026-08-01 12:20:32;130;2026-08-01 12:38:21;121;2026-08-01 12:47:26;43;2026-08-01 13:05:40;57;2026-08-01 13:23:02;63;2026-08-01 13:50:52;55;2026-08-01 13:56:17;37;2026-08-01 14:13:57;112;2026-08-01 14:26:01;57;2026-08-02 05:17:47;85;2026-08-02 14:53:26;78;2026-08-02 15:10:14;94;2026-08-02 15:13:33;96;2026-08-02 15:25:03;79;2026-08-02 16:03:35;240;2026-08-02 16:10:37
sfr;7B 3C 56 D9 EC 59 02 E0 ;139;"Макарова Ирина";"1";Превышение КВ;"91 б. за 28:18:00";241;2026-08-01 12:13:36;241;2026-08-01 12:13:36;65;2026-08-01 12:30:48;121;2026-08-01 12:53:33;130;2026-08-01 13:04:21;43;2026-08-01 13:18:17;57;2026-08-01 13:28:02;63;2026-08-01 13:50:39;55;2026-08-01 14:00:30;37;2026-08-01 14:18:55;112;2026-08-01 14:33:58;57;2026-08-02 05:35:46;78;2026-08-02 15:15:49;94;2026-08-02 15:18:49;102;2026-08-02 16:06:53;240;2026-08-02 16:31:36
sfr;44 A3 9B 17 01 24 02 E0 ;150;"Гуменюк Алексей";"1";Превышение КВ;"86 б. за 28:35:12";241;2026-08-01 12:05:53;241;2026-08-01 12:05:53;65;2026-08-01 12:19:35;130;2026-08-01 12:51:33;43;2026-08-01 13:06:16;57;2026-08-01 13:18:42;63;2026-08-01 13:37:28;63;2026-08-01 13:39:56;55;2026-08-01 14:05:25;112;2026-08-01 14:30:16;37;2026-08-01 14:39:14;57;2026-08-02 05:54:45;78;2026-08-02 15:32:38;94;2026-08-02 15:37:05;102;2026-08-02 16:12:08;79;2026-08-02 16:29:16;240;2026-08-02 16:41:05


Результаты выгружены из SFR Reader https://sfrreader.github.io/updates.html